Flight ID,Flight Date,Airline,Flight Number,Departure Airport,Arrival Airport,Scheduled Departure Time,Actual Departure Time,Departure Delay (Minutes),Scheduled Arrival Time,Actual Arrival Time,Arrival Delay (Minutes),Passenger Count,Terminal,Gate Number,Flight Status
456902,2024-01-01 00:00:00,Delta,DE196,LAX,LHR,2024-01-01 06:00:00,2024-01-01 06:10:00,79.0,2024-01-01 10:00:00,2024-01-01 10:15:00,145.0,155,Terminal 1,G47,Delayed
471427,2024-01-01 01:00:00,American Airlines,AM118,JFK,HND,2024-01-01 07:00:00,2024-01-01 07:10:00,,2024-01-01 11:00:00,2024-01-01 11:15:00,76.0,282,Terminal 4,G41,Delayed
120762,2024-01-01 02:00:00,United Airlines,AM623,ATL,DXB,2024-01-01 08:00:00,2024-01-01 08:10:00,,2024-01-01 12:00:00,2024-01-01 12:15:00,74.0,299,Terminal 3,G24,Cancelled
651683,2024-01-01 03:00:00,United Airlines,AM840,LAX,DXB,2024-01-01 09:00:00,2024-01-01 09:10:00,19.0,2024-01-01 13:00:00,2024-01-01 13:15:00,,392,Terminal 4,G9,Cancelled
776951,2024-01-01 04:00:00,American Airlines,UN729,ATL,DXB,2024-01-01 10:00:00,2024-01-01 10:10:00,111.0,2024-01-01 14:00:00,2024-01-01 14:15:00,168.0,161,Terminal 2,G8,On Time
127796,2024-01-01 05:00:00,United Airlines,UN296,LAX,SYD,2024-01-01 11:00:00,2024-01-01 11:10:00,83.0,2024-01-01 15:00:00,2024-01-01 15:15:00,20.0,104,Terminal 5,G38,Delayed
780112,2024-01-01 06:00:00,Emirates,UN874,LAX,LHR,2024-01-01 12:00:00,2024-01-01 12:10:00,,2024-01-01 16:00:00,2024-01-01 16:15:00,108.0,139,Terminal 5,G39,Cancelled
138711,2024-01-01 07:00:00,Emirates,UN954,JFK,LHR,2024-01-01 13:00:00,2024-01-01 13:10:00,70.0,2024-01-01 17:00:00,2024-01-01 17:15:00,,233,Terminal 4,G34,Cancelled
456263,2024-01-01 08:00:00,Emirates,DE207,ORD,CDG,2024-01-01 14:00:00,2024-01-01 14:10:00,84.0,2024-01-01 18:00:00,2024-01-01 18:15:00,,130,Terminal 4,G2,On Time
971868,2024-01-01 09:00:00,Delta,EM102,JFK,CDG,2024-01-01 15:00:00,2024-01-01 15:10:00,34.0,2024-01-01 19:00:00,2024-01-01 19:15:00,,209,Terminal 4,G25,Cancelled
151031,2024-01-01 10:00:00,United Airlines,EM736,ATL,DXB,2024-01-01 16:00:00,2024-01-01 16:10:00,79.0,2024-01-01 20:00:00,2024-01-01 20:15:00,139.0,235,Terminal 3,G34,On Time
811748,2024-01-01 11:00:00,American Airlines,EM405,LAX,CDG,2024-01-01 17:00:00,2024-01-01 17:10:00,,2024-01-01 21:00:00,2024-01-01 21:15:00,50.0,321,Terminal 4,G17,Cancelled
737971,2024-01-01 12:00:00,American Airlines,LU536,JFK,LHR,2024-01-01 18:00:00,2024-01-01 18:10:00,28.0,2024-01-01 22:00:00,2024-01-01 22:15:00,,300,Terminal 2,G39,Delayed
155930,2024-01-01 13:00:00,Lufthansa,DE545,JFK,DXB,2024-01-01 19:00:00,2024-01-01 19:10:00,13.0,2024-01-01 23:00:00,2024-01-01 23:15:00,,66,Terminal 1,G26,Delayed
675037,2024-01-01 14:00:00,United Airlines,UN870,ORD,CDG,2024-01-01 20:00:00,2024-01-01 20:10:00,,2024-01-02 00:00:00,2024-01-02 00:15:00,155.0,112,Terminal 4,G2,Delayed
328708,2024-01-01 15:00:00,United Airlines,DE840,ORD,SYD,2024-01-01 21:00:00,2024-01-01 21:10:00,,2024-01-02 01:00:00,2024-01-02 01:15:00,3.0,163,Terminal 4,G43,On Time
145142,2024-01-01 16:00:00,Delta,LU625,LAX,DXB,2024-01-01 22:00:00,2024-01-01 22:10:00,74.0,2024-01-02 02:00:00,2024-01-02 02:15:00,151.0,98,Terminal 1,G13,Delayed
536301,2024-01-01 17:00:00,Emirates,DE343,LAX,CDG,2024-01-01 23:00:00,2024-01-01 23:10:00,,2024-01-02 03:00:00,2024-01-02 03:15:00,169.0,109,Terminal 2,G14,On Time
756129,2024-01-01 18:00:00,Lufthansa,DE417,LAX,DXB,2024-01-02 00:00:00,2024-01-02 00:10:00,72.0,2024-01-02 04:00:00,2024-01-02 04:15:00,112.0,82,Terminal 5,G19,Cancelled
752107,2024-01-01 19:00:00,Emirates,DE106,DFW,LHR,2024-01-02 01:00:00,2024-01-02 01:10:00,,2024-01-02 05:00:00,2024-01-02 05:15:00,91.0,277,Terminal 2,G12,Cancelled
295893,2024-01-01 20:00:00,American Airlines,EM798,ORD,SYD,2024-01-02 02:00:00,2024-01-02 02:10:00,78.0,2024-01-02 06:00:00,2024-01-02 06:15:00,,229,Terminal 2,G39,On Time
478228,2024-01-01 21:00:00,Emirates,EM991,ATL,LHR,2024-01-02 03:00:00,2024-01-02 03:10:00,,2024-01-02 07:00:00,2024-01-02 07:15:00,,112,Terminal 4,G50,Cancelled
150285,2024-01-01 22:00:00,Delta,LU633,DFW,HND,2024-01-02 04:00:00,2024-01-02 04:10:00,93.0,2024-01-02 08:00:00,2024-01-02 08:15:00,-5.0,301,Terminal 4,G40,On Time
825448,2024-01-01 23:00:00,Lufthansa,DE181,DFW,LHR,2024-01-02 05:00:00,2024-01-02 05:10:00,61.0,2024-01-02 09:00:00,2024-01-02 09:15:00,162.0,171,Terminal 4,G47,Delayed
844175,2024-01-02 00:00:00,Emirates,AM221,ATL,SYD,2024-01-02 06:00:00,2024-01-02 06:10:00,73.0,2024-01-02 10:00:00,2024-01-02 10:15:00,122.0,391,Terminal 4,G23,On Time
719225,2024-01-02 01:00:00,American Airlines,EM316,DFW,DXB,2024-01-02 07:00:00,2024-01-02 07:10:00,38.0,2024-01-02 11:00:00,2024-01-02 11:15:00,38.0,155,Terminal 3,G4,On Time
898630,2024-01-02 02:00:00,United Airlines,AM526,DFW,DXB,2024-01-02 08:00:00,2024-01-02 08:10:00,116.0,2024-01-02 12:00:00,2024-01-02 12:15:00,117.0,236,Terminal 3,G35,Cancelled
629537,2024-01-02 03:00:00,American Airlines,DE466,LAX,CDG,2024-01-02 09:00:00,2024-01-02 09:10:00,115.0,2024-01-02 13:00:00,2024-01-02 13:15:00,141.0,335,Terminal 1,G26,Cancelled
969742,2024-01-02 04:00:00,Delta,LU368,ORD,CDG,2024-01-02 10:00:00,2024-01-02 10:10:00,6.0,2024-01-02 14:00:00,2024-01-02 14:15:00,119.0,150,Terminal 1,G30,Cancelled
137383,2024-01-02 05:00:00,American Airlines,AM290,ORD,SYD,2024-01-02 11:00:00,2024-01-02 11:10:00,,2024-01-02 15:00:00,2024-01-02 15:15:00,,260,Terminal 5,G10,Delayed
468558,2024-01-02 06:00:00,United Airlines,DE853,ATL,LHR,2024-01-02 12:00:00,2024-01-02 12:10:00,56.0,2024-01-02 16:00:00,2024-01-02 16:15:00,,122,Terminal 3,G47,On Time
488780,2024-01-02 07:00:00,Emirates,DE222,LAX,CDG,2024-01-02 13:00:00,2024-01-02 13:10:00,22.0,2024-01-02 17:00:00,2024-01-02 17:15:00,37.0,200,Terminal 2,G10,Cancelled
552020,2024-01-02 08:00:00,Delta,EM372,DFW,CDG,2024-01-02 14:00:00,2024-01-02 14:10:00,18.0,2024-01-02 18:00:00,2024-01-02 18:15:00,153.0,338,Terminal 5,G27,On Time
409323,2024-01-02 09:00:00,Delta,UN440,ORD,DXB,2024-01-02 15:00:00,2024-01-02 15:10:00,119.0,2024-01-02 19:00:00,2024-01-02 19:15:00,145.0,373,Terminal 4,G43,On Time
426767,2024-01-02 10:00:00,Lufthansa,UN746,JFK,DXB,2024-01-02 16:00:00,2024-01-02 16:10:00,99.0,2024-01-02 20:00:00,2024-01-02 20:15:00,148.0,140,Terminal 1,G41,On Time
938845,2024-01-02 11:00:00,United Airlines,UN233,JFK,HND,2024-01-02 17:00:00,2024-01-02 17:10:00,92.0,2024-01-02 21:00:00,2024-01-02 21:15:00,7.0,113,Terminal 1,G28,Delayed
181612,2024-01-02 12:00:00,Lufthansa,UN183,ORD,DXB,2024-01-02 18:00:00,2024-01-02 18:10:00,80.0,2024-01-02 22:00:00,2024-01-02 22:15:00,,222,Terminal 5,G12,Delayed
713457,2024-01-02 13:00:00,Lufthansa,LU709,ORD,CDG,2024-01-02 19:00:00,2024-01-02 19:10:00,,2024-01-02 23:00:00,2024-01-02 23:15:00,140.0,94,Terminal 2,G35,Delayed
701791,2024-01-02 14:00:00,Lufthansa,DE710,ORD,CDG,2024-01-02 20:00:00,2024-01-02 20:10:00,,2024-01-03 00:00:00,2024-01-03 00:15:00,163.0,223,Terminal 1,G6,Delayed
885182,2024-01-02 15:00:00,Emirates,LU962,DFW,LHR,2024-01-02 21:00:00,2024-01-02 21:10:00,44.0,2024-01-03 01:00:00,2024-01-03 01:15:00,,269,Terminal 1,G4,On Time
401908,2024-01-02 16:00:00,Emirates,UN918,ORD,SYD,2024-01-02 22:00:00,2024-01-02 22:10:00,73.0,2024-01-03 02:00:00,2024-01-03 02:15:00,66.0,346,Terminal 2,G29,Delayed
912474,2024-01-02 17:00:00,Delta,DE716,LAX,SYD,2024-01-02 23:00:00,2024-01-02 23:10:00,16.0,2024-01-03 03:00:00,2024-01-03 03:15:00,154.0,208,Terminal 3,G26,On Time
170809,2024-01-02 18:00:00,Delta,DE340,DFW,HND,2024-01-03 00:00:00,2024-01-03 00:10:00,66.0,2024-01-03 04:00:00,2024-01-03 04:15:00,4.0,209,Terminal 1,G29,Delayed
985232,2024-01-02 19:00:00,Emirates,LU399,DFW,HND,2024-01-03 01:00:00,2024-01-03 01:10:00,39.0,2024-01-03 05:00:00,2024-01-03 05:15:00,141.0,162,Terminal 5,G30,Cancelled
232963,2024-01-02 20:00:00,American Airlines,DE601,JFK,DXB,2024-01-03 02:00:00,2024-01-03 02:10:00,89.0,2024-01-03 06:00:00,2024-01-03 06:15:00,14.0,333,Terminal 2,G48,Cancelled
373939,2024-01-02 21:00:00,Emirates,LU424,JFK,DXB,2024-01-03 03:00:00,2024-01-03 03:10:00,,2024-01-03 07:00:00,2024-01-03 07:15:00,133.0,303,Terminal 3,G29,On Time
321440,2024-01-02 22:00:00,Lufthansa,UN231,JFK,LHR,2024-01-03 04:00:00,2024-01-03 04:10:00,,2024-01-03 08:00:00,2024-01-03 08:15:00,18.0,330,Terminal 5,G50,On Time
538074,2024-01-02 23:00:00,Lufthansa,DE961,JFK,SYD,2024-01-03 05:00:00,2024-01-03 05:10:00,9.0,2024-01-03 09:00:00,2024-01-03 09:15:00,139.0,293,Terminal 2,G35,On Time
169030,2024-01-03 00:00:00,Delta,EM687,LAX,HND,2024-01-03 06:00:00,2024-01-03 06:10:00,84.0,2024-01-03 10:00:00,2024-01-03 10:15:00,124.0,85,Terminal 4,G27,On Time
511501,2024-01-03 01:00:00,American Airlines,EM655,JFK,DXB,2024-01-03 07:00:00,2024-01-03 07:10:00,83.0,2024-01-03 11:00:00,2024-01-03 11:15:00,22.0,284,Terminal 1,G29,On Time
150512,2024-01-03 02:00:00,Lufthansa,AM905,ATL,HND,2024-01-03 08:00:00,2024-01-03 08:10:00,82.0,2024-01-03 12:00:00,2024-01-03 12:15:00,86.0,85,Terminal 4,G43,Cancelled
489862,2024-01-03 03:00:00,Lufthansa,LU125,LAX,HND,2024-01-03 09:00:00,2024-01-03 09:10:00,34.0,2024-01-03 13:00:00,2024-01-03 13:15:00,9.0,168,Terminal 2,G46,Cancelled
113475,2024-01-03 04:00:00,American Airlines,UN127,DFW,CDG,2024-01-03 10:00:00,2024-01-03 10:10:00,34.0,2024-01-03 14:00:00,2024-01-03 14:15:00,131.0,215,Terminal 2,G15,On Time
833128,2024-01-03 05:00:00,American Airlines,DE530,LAX,CDG,2024-01-03 11:00:00,2024-01-03 11:10:00,34.0,2024-01-03 15:00:00,2024-01-03 15:15:00,,400,Terminal 1,G45,On Time
288805,2024-01-03 06:00:00,Lufthansa,UN113,LAX,HND,2024-01-03 12:00:00,2024-01-03 12:10:00,13.0,2024-01-03 16:00:00,2024-01-03 16:15:00,70.0,361,Terminal 2,G39,Delayed
725188,2024-01-03 07:00:00,Delta,DE874,DFW,LHR,2024-01-03 13:00:00,2024-01-03 13:10:00,,2024-01-03 17:00:00,2024-01-03 17:15:00,31.0,160,Terminal 1,G31,Cancelled
766573,2024-01-03 08:00:00,Emirates,DE448,LAX,DXB,2024-01-03 14:00:00,2024-01-03 14:10:00,41.0,2024-01-03 18:00:00,2024-01-03 18:15:00,94.0,228,Terminal 1,G5,Delayed
888100,2024-01-03 09:00:00,American Airlines,AM859,ATL,HND,2024-01-03 15:00:00,2024-01-03 15:10:00,,2024-01-03 19:00:00,2024-01-03 19:15:00,,392,Terminal 4,G35,Cancelled
712753,2024-01-03 10:00:00,Emirates,LU118,LAX,CDG,2024-01-03 16:00:00,2024-01-03 16:10:00,83.0,2024-01-03 20:00:00,2024-01-03 20:15:00,27.0,312,Terminal 4,G5,On Time
739652,2024-01-03 11:00:00,Lufthansa,UN494,LAX,CDG,2024-01-03 17:00:00,2024-01-03 17:10:00,119.0,2024-01-03 21:00:00,2024-01-03 21:15:00,94.0,398,Terminal 4,G39,On Time
144364,2024-01-03 12:00:00,Emirates,EM315,LAX,SYD,2024-01-03 18:00:00,2024-01-03 18:10:00,119.0,2024-01-03 22:00:00,2024-01-03 22:15:00,,349,Terminal 3,G3,Delayed
561601,2024-01-03 13:00:00,Delta,UN406,ORD,LHR,2024-01-03 19:00:00,2024-01-03 19:10:00,,2024-01-03 23:00:00,2024-01-03 23:15:00,89.0,92,Terminal 4,G23,Delayed
518306,2024-01-03 14:00:00,Emirates,EM746,ORD,HND,2024-01-03 20:00:00,2024-01-03 20:10:00,,2024-01-04 00:00:00,2024-01-04 00:15:00,,78,Terminal 3,G42,On Time
196691,2024-01-03 15:00:00,Delta,AM770,ATL,SYD,2024-01-03 21:00:00,2024-01-03 21:10:00,,2024-01-04 01:00:00,2024-01-04 01:15:00,-1.0,229,Terminal 1,G37,Cancelled
709496,2024-01-03 16:00:00,Lufthansa,EM722,JFK,HND,2024-01-03 22:00:00,2024-01-03 22:10:00,53.0,2024-01-04 02:00:00,2024-01-04 02:15:00,100.0,192,Terminal 5,G29,Cancelled
223365,2024-01-03 17:00:00,American Airlines,LU312,ATL,LHR,2024-01-03 23:00:00,2024-01-03 23:10:00,73.0,2024-01-04 03:00:00,2024-01-04 03:15:00,84.0,325,Terminal 3,G17,On Time
899352,2024-01-03 18:00:00,American Airlines,AM160,ATL,HND,2024-01-04 00:00:00,2024-01-04 00:10:00,,2024-01-04 04:00:00,2024-01-04 04:15:00,74.0,139,Terminal 4,G28,On Time
760967,2024-01-03 19:00:00,United Airlines,DE970,DFW,HND,2024-01-04 01:00:00,2024-01-04 01:10:00,27.0,2024-01-04 05:00:00,2024-01-04 05:15:00,116.0,219,Terminal 5,G33,On Time
629272,2024-01-03 20:00:00,Emirates,UN523,JFK,LHR,2024-01-04 02:00:00,2024-01-04 02:10:00,75.0,2024-01-04 06:00:00,2024-01-04 06:15:00,55.0,271,Terminal 5,G37,On Time
214880,2024-01-03 21:00:00,Lufthansa,DE219,ORD,SYD,2024-01-04 03:00:00,2024-01-04 03:10:00,62.0,2024-01-04 07:00:00,2024-01-04 07:15:00,110.0,131,Terminal 4,G37,Cancelled
878017,2024-01-03 22:00:00,Lufthansa,EM301,LAX,DXB,2024-01-04 04:00:00,2024-01-04 04:10:00,4.0,2024-01-04 08:00:00,2024-01-04 08:15:00,18.0,297,Terminal 5,G15,Cancelled
425577,2024-01-03 23:00:00,Delta,EM306,LAX,CDG,2024-01-04 05:00:00,2024-01-04 05:10:00,,2024-01-04 09:00:00,2024-01-04 09:15:00,134.0,159,Terminal 4,G14,On Time
740993,2024-01-04 00:00:00,Emirates,DE467,ATL,CDG,2024-01-04 06:00:00,2024-01-04 06:10:00,17.0,2024-01-04 10:00:00,2024-01-04 10:15:00,88.0,362,Terminal 5,G3,On Time
662665,2024-01-04 01:00:00,United Airlines,AM283,ATL,HND,2024-01-04 07:00:00,2024-01-04 07:10:00,,2024-01-04 11:00:00,2024-01-04 11:15:00,94.0,267,Terminal 5,G24,Delayed
320719,2024-01-04 02:00:00,American Airlines,EM542,DFW,HND,2024-01-04 08:00:00,2024-01-04 08:10:00,87.0,2024-01-04 12:00:00,2024-01-04 12:15:00,7.0,193,Terminal 5,G14,Delayed
533121,2024-01-04 03:00:00,Emirates,AM415,DFW,DXB,2024-01-04 09:00:00,2024-01-04 09:10:00,,2024-01-04 13:00:00,2024-01-04 13:15:00,22.0,151,Terminal 3,G45,On Time
617279,2024-01-04 04:00:00,American Airlines,UN659,ORD,LHR,2024-01-04 10:00:00,2024-01-04 10:10:00,11.0,2024-01-04 14:00:00,2024-01-04 14:15:00,,394,Terminal 3,G32,On Time
647227,2024-01-04 05:00:00,Lufthansa,UN762,DFW,CDG,2024-01-04 11:00:00,2024-01-04 11:10:00,3.0,2024-01-04 15:00:00,2024-01-04 15:15:00,132.0,153,Terminal 5,G18,Delayed
376328,2024-01-04 06:00:00,Emirates,UN117,ATL,CDG,2024-01-04 12:00:00,2024-01-04 12:10:00,,2024-01-04 16:00:00,2024-01-04 16:15:00,,113,Terminal 4,G3,Cancelled
739541,2024-01-04 07:00:00,United Airlines,EM710,ORD,DXB,2024-01-04 13:00:00,2024-01-04 13:10:00,,2024-01-04 17:00:00,2024-01-04 17:15:00,116.0,270,Terminal 5,G43,On Time
115044,2024-01-04 08:00:00,Emirates,LU144,JFK,SYD,2024-01-04 14:00:00,2024-01-04 14:10:00,71.0,2024-01-04 18:00:00,2024-01-04 18:15:00,79.0,92,Terminal 3,G28,On Time
348523,2024-01-04 09:00:00,Delta,EM521,ATL,CDG,2024-01-04 15:00:00,2024-01-04 15:10:00,71.0,2024-01-04 19:00:00,2024-01-04 19:15:00,18.0,128,Terminal 4,G11,Delayed
240438,2024-01-04 10:00:00,Lufthansa,EM664,JFK,LHR,2024-01-04 16:00:00,2024-01-04 16:10:00,101.0,2024-01-04 20:00:00,2024-01-04 20:15:00,,50,Terminal 5,G17,Delayed
978271,2024-01-04 11:00:00,United Airlines,EM430,LAX,DXB,2024-01-04 17:00:00,2024-01-04 17:10:00,40.0,2024-01-04 21:00:00,2024-01-04 21:15:00,3.0,379,Terminal 4,G9,On Time
198224,2024-01-04 12:00:00,American Airlines,EM199,ORD,DXB,2024-01-04 18:00:00,2024-01-04 18:10:00,9.0,2024-01-04 22:00:00,2024-01-04 22:15:00,47.0,356,Terminal 1,G25,On Time
571773,2024-01-04 13:00:00,Lufthansa,LU683,JFK,HND,2024-01-04 19:00:00,2024-01-04 19:10:00,,2024-01-04 23:00:00,2024-01-04 23:15:00,179.0,365,Terminal 1,G8,Cancelled
563939,2024-01-04 14:00:00,Emirates,AM266,ORD,SYD,2024-01-04 20:00:00,2024-01-04 20:10:00,2.0,2024-01-05 00:00:00,2024-01-05 00:15:00,,122,Terminal 3,G4,On Time
392639,2024-01-04 15:00:00,Lufthansa,EM132,ATL,LHR,2024-01-04 21:00:00,2024-01-04 21:10:00,58.0,2024-01-05 01:00:00,2024-01-05 01:15:00,,331,Terminal 5,G46,Cancelled
690863,2024-01-04 16:00:00,Lufthansa,EM883,ATL,DXB,2024-01-04 22:00:00,2024-01-04 22:10:00,49.0,2024-01-05 02:00:00,2024-01-05 02:15:00,,265,Terminal 1,G16,Delayed
974013,2024-01-04 17:00:00,American Airlines,LU874,ATL,SYD,2024-01-04 23:00:00,2024-01-04 23:10:00,114.0,2024-01-05 03:00:00,2024-01-05 03:15:00,87.0,388,Terminal 4,G16,Delayed
829323,2024-01-04 18:00:00,Delta,EM202,LAX,SYD,2024-01-05 00:00:00,2024-01-05 00:10:00,22.0,2024-01-05 04:00:00,2024-01-05 04:15:00,,323,Terminal 5,G10,Cancelled
198121,2024-01-04 19:00:00,Lufthansa,DE755,ORD,CDG,2024-01-05 01:00:00,2024-01-05 01:10:00,-3.0,2024-01-05 05:00:00,2024-01-05 05:15:00,167.0,388,Terminal 3,G18,On Time
224675,2024-01-04 20:00:00,Delta,UN309,DFW,SYD,2024-01-05 02:00:00,2024-01-05 02:10:00,15.0,2024-01-05 06:00:00,2024-01-05 06:15:00,180.0,293,Terminal 4,G36,Delayed
904073,2024-01-04 21:00:00,Emirates,EM303,LAX,LHR,2024-01-05 03:00:00,2024-01-05 03:10:00,54.0,2024-01-05 07:00:00,2024-01-05 07:15:00,168.0,335,Terminal 1,G45,Delayed
601467,2024-01-04 22:00:00,Lufthansa,UN200,LAX,SYD,2024-01-05 04:00:00,2024-01-05 04:10:00,50.0,2024-01-05 08:00:00,2024-01-05 08:15:00,34.0,200,Terminal 5,G31,Delayed
556606,2024-01-04 23:00:00,Delta,DE340,DFW,LHR,2024-01-05 05:00:00,2024-01-05 05:10:00,74.0,2024-01-05 09:00:00,2024-01-05 09:15:00,78.0,128,Terminal 1,G32,Delayed
560205,2024-01-05 00:00:00,Delta,UN759,DFW,SYD,2024-01-05 06:00:00,2024-01-05 06:10:00,10.0,2024-01-05 10:00:00,2024-01-05 10:15:00,95.0,391,Terminal 4,G13,Cancelled
449008,2024-01-05 01:00:00,Lufthansa,UN175,ORD,LHR,2024-01-05 07:00:00,2024-01-05 07:10:00,57.0,2024-01-05 11:00:00,2024-01-05 11:15:00,175.0,291,Terminal 5,G25,Delayed
489388,2024-01-05 02:00:00,Emirates,LU933,JFK,CDG,2024-01-05 08:00:00,2024-01-05 08:10:00,15.0,2024-01-05 12:00:00,2024-01-05 12:15:00,121.0,296,Terminal 2,G23,Delayed
124421,2024-01-05 03:00:00,Delta,LU609,LAX,CDG,2024-01-05 09:00:00,2024-01-05 09:10:00,,2024-01-05 13:00:00,2024-01-05 13:15:00,14.0,219,Terminal 2,G7,Cancelled
826768,2024-01-05 04:00:00,United Airlines,LU803,JFK,DXB,2024-01-05 10:00:00,2024-01-05 10:10:00,33.0,2024-01-05 14:00:00,2024-01-05 14:15:00,18.0,102,Terminal 5,G34,On Time
800324,2024-01-05 05:00:00,Lufthansa,DE739,ATL,DXB,2024-01-05 11:00:00,2024-01-05 11:10:00,108.0,2024-01-05 15:00:00,2024-01-05 15:15:00,85.0,211,Terminal 3,G35,Cancelled
928596,2024-01-05 06:00:00,Emirates,EM258,ORD,SYD,2024-01-05 12:00:00,2024-01-05 12:10:00,66.0,2024-01-05 16:00:00,2024-01-05 16:15:00,8.0,163,Terminal 1,G18,Cancelled
142618,2024-01-05 07:00:00,Delta,DE619,JFK,LHR,2024-01-05 13:00:00,2024-01-05 13:10:00,,2024-01-05 17:00:00,2024-01-05 17:15:00,81.0,253,Terminal 1,G50,Delayed
392633,2024-01-05 08:00:00,Delta,EM792,ORD,SYD,2024-01-05 14:00:00,2024-01-05 14:10:00,42.0,2024-01-05 18:00:00,2024-01-05 18:15:00,67.0,386,Terminal 5,G39,Cancelled
297420,2024-01-05 09:00:00,Delta,UN970,DFW,DXB,2024-01-05 15:00:00,2024-01-05 15:10:00,114.0,2024-01-05 19:00:00,2024-01-05 19:15:00,,275,Terminal 2,G8,On Time
965838,2024-01-05 10:00:00,United Airlines,LU643,JFK,SYD,2024-01-05 16:00:00,2024-01-05 16:10:00,15.0,2024-01-05 20:00:00,2024-01-05 20:15:00,107.0,120,Terminal 2,G40,On Time
617688,2024-01-05 11:00:00,American Airlines,DE367,ATL,SYD,2024-01-05 17:00:00,2024-01-05 17:10:00,,2024-01-05 21:00:00,2024-01-05 21:15:00,,74,Terminal 4,G35,On Time
455457,2024-01-05 12:00:00,Emirates,AM720,ORD,LHR,2024-01-05 18:00:00,2024-01-05 18:10:00,71.0,2024-01-05 22:00:00,2024-01-05 22:15:00,106.0,352,Terminal 5,G27,Cancelled
772856,2024-01-05 13:00:00,Lufthansa,EM247,ORD,DXB,2024-01-05 19:00:00,2024-01-05 19:10:00,36.0,2024-01-05 23:00:00,2024-01-05 23:15:00,93.0,275,Terminal 4,G49,Delayed
308746,2024-01-05 14:00:00,United Airlines,UN114,JFK,SYD,2024-01-05 20:00:00,2024-01-05 20:10:00,-1.0,2024-01-06 00:00:00,2024-01-06 00:15:00,27.0,231,Terminal 4,G26,Cancelled
873650,2024-01-05 15:00:00,American Airlines,DE911,JFK,CDG,2024-01-05 21:00:00,2024-01-05 21:10:00,88.0,2024-01-06 01:00:00,2024-01-06 01:15:00,,68,Terminal 5,G6,Cancelled
210326,2024-01-05 16:00:00,Emirates,UN793,LAX,SYD,2024-01-05 22:00:00,2024-01-05 22:10:00,106.0,2024-01-06 02:00:00,2024-01-06 02:15:00,118.0,246,Terminal 4,G14,Cancelled
448551,2024-01-05 17:00:00,United Airlines,UN701,DFW,LHR,2024-01-05 23:00:00,2024-01-05 23:10:00,91.0,2024-01-06 03:00:00,2024-01-06 03:15:00,121.0,242,Terminal 5,G10,Delayed
958285,2024-01-05 18:00:00,Lufthansa,AM434,ORD,SYD,2024-01-06 00:00:00,2024-01-06 00:10:00,41.0,2024-01-06 04:00:00,2024-01-06 04:15:00,107.0,365,Terminal 5,G38,Cancelled
567429,2024-01-05 19:00:00,American Airlines,UN948,ATL,HND,2024-01-06 01:00:00,2024-01-06 01:10:00,92.0,2024-01-06 05:00:00,2024-01-06 05:15:00,66.0,353,Terminal 5,G20,On Time
471631,2024-01-05 20:00:00,Lufthansa,EM595,ATL,CDG,2024-01-06 02:00:00,2024-01-06 02:10:00,103.0,2024-01-06 06:00:00,2024-01-06 06:15:00,80.0,103,Terminal 5,G2,Cancelled
775937,2024-01-05 21:00:00,United Airlines,UN909,ATL,DXB,2024-01-06 03:00:00,2024-01-06 03:10:00,,2024-01-06 07:00:00,2024-01-06 07:15:00,31.0,400,Terminal 3,G26,On Time
797114,2024-01-05 22:00:00,American Airlines,AM723,JFK,LHR,2024-01-06 04:00:00,2024-01-06 04:10:00,66.0,2024-01-06 08:00:00,2024-01-06 08:15:00,38.0,378,Terminal 2,G16,Delayed
238697,2024-01-05 23:00:00,United Airlines,UN146,DFW,DXB,2024-01-06 05:00:00,2024-01-06 05:10:00,120.0,2024-01-06 09:00:00,2024-01-06 09:15:00,87.0,115,Terminal 1,G24,Delayed
285978,2024-01-06 00:00:00,Lufthansa,AM589,JFK,LHR,2024-01-06 06:00:00,2024-01-06 06:10:00,39.0,2024-01-06 10:00:00,2024-01-06 10:15:00,104.0,329,Terminal 1,G31,Delayed
750950,2024-01-06 01:00:00,Lufthansa,DE319,ATL,SYD,2024-01-06 07:00:00,2024-01-06 07:10:00,114.0,2024-01-06 11:00:00,2024-01-06 11:15:00,32.0,210,Terminal 2,G12,On Time
437895,2024-01-06 02:00:00,Lufthansa,LU582,LAX,HND,2024-01-06 08:00:00,2024-01-06 08:10:00,60.0,2024-01-06 12:00:00,2024-01-06 12:15:00,149.0,252,Terminal 2,G17,On Time
154984,2024-01-06 03:00:00,Lufthansa,AM869,ORD,HND,2024-01-06 09:00:00,2024-01-06 09:10:00,49.0,2024-01-06 13:00:00,2024-01-06 13:15:00,8.0,315,Terminal 4,G30,Delayed
850977,2024-01-06 04:00:00,Emirates,DE257,ORD,CDG,2024-01-06 10:00:00,2024-01-06 10:10:00,58.0,2024-01-06 14:00:00,2024-01-06 14:15:00,53.0,218,Terminal 3,G26,Delayed
664532,2024-01-06 05:00:00,Emirates,DE477,JFK,LHR,2024-01-06 11:00:00,2024-01-06 11:10:00,69.0,2024-01-06 15:00:00,2024-01-06 15:15:00,153.0,339,Terminal 1,G14,On Time
359826,2024-01-06 06:00:00,Delta,UN909,LAX,SYD,2024-01-06 12:00:00,2024-01-06 12:10:00,79.0,2024-01-06 16:00:00,2024-01-06 16:15:00,162.0,190,Terminal 2,G39,Cancelled
963232,2024-01-06 07:00:00,American Airlines,UN519,DFW,HND,2024-01-06 13:00:00,2024-01-06 13:10:00,58.0,2024-01-06 17:00:00,2024-01-06 17:15:00,5.0,199,Terminal 1,G36,Cancelled
686099,2024-01-06 08:00:00,American Airlines,UN757,ORD,SYD,2024-01-06 14:00:00,2024-01-06 14:10:00,-5.0,2024-01-06 18:00:00,2024-01-06 18:15:00,43.0,90,Terminal 3,G23,Cancelled
512785,2024-01-06 09:00:00,Emirates,EM631,ORD,DXB,2024-01-06 15:00:00,2024-01-06 15:10:00,66.0,2024-01-06 19:00:00,2024-01-06 19:15:00,125.0,265,Terminal 2,G31,Cancelled
137516,2024-01-06 10:00:00,Lufthansa,EM310,JFK,HND,2024-01-06 16:00:00,2024-01-06 16:10:00,41.0,2024-01-06 20:00:00,2024-01-06 20:15:00,51.0,196,Terminal 3,G49,Delayed
307440,2024-01-06 11:00:00,Delta,DE567,ATL,SYD,2024-01-06 17:00:00,2024-01-06 17:10:00,1.0,2024-01-06 21:00:00,2024-01-06 21:15:00,,342,Terminal 1,G10,Delayed
711568,2024-01-06 12:00:00,Emirates,EM632,JFK,SYD,2024-01-06 18:00:00,2024-01-06 18:10:00,71.0,2024-01-06 22:00:00,2024-01-06 22:15:00,26.0,171,Terminal 1,G26,Cancelled
161748,2024-01-06 13:00:00,Emirates,LU664,LAX,DXB,2024-01-06 19:00:00,2024-01-06 19:10:00,69.0,2024-01-06 23:00:00,2024-01-06 23:15:00,82.0,155,Terminal 3,G43,On Time
323250,2024-01-06 14:00:00,Delta,DE923,ATL,LHR,2024-01-06 20:00:00,2024-01-06 20:10:00,30.0,2024-01-07 00:00:00,2024-01-07 00:15:00,139.0,100,Terminal 2,G45,Cancelled
545121,2024-01-06 15:00:00,American Airlines,AM362,ORD,CDG,2024-01-06 21:00:00,2024-01-06 21:10:00,3.0,2024-01-07 01:00:00,2024-01-07 01:15:00,42.0,92,Terminal 1,G34,Cancelled
619781,2024-01-06 16:00:00,Lufthansa,DE840,LAX,LHR,2024-01-06 22:00:00,2024-01-06 22:10:00,,2024-01-07 02:00:00,2024-01-07 02:15:00,19.0,94,Terminal 4,G21,On Time
405279,2024-01-06 17:00:00,Emirates,UN457,LAX,HND,2024-01-06 23:00:00,2024-01-06 23:10:00,-5.0,2024-01-07 03:00:00,2024-01-07 03:15:00,158.0,213,Terminal 4,G3,Delayed
682185,2024-01-06 18:00:00,Delta,DE380,ORD,SYD,2024-01-07 00:00:00,2024-01-07 00:10:00,12.0,2024-01-07 04:00:00,2024-01-07 04:15:00,169.0,245,Terminal 3,G1,Delayed
550203,2024-01-06 19:00:00,American Airlines,DE427,LAX,DXB,2024-01-07 01:00:00,2024-01-07 01:10:00,102.0,2024-01-07 05:00:00,2024-01-07 05:15:00,41.0,376,Terminal 1,G30,Cancelled
563579,2024-01-06 20:00:00,United Airlines,DE861,ATL,HND,2024-01-07 02:00:00,2024-01-07 02:10:00,59.0,2024-01-07 06:00:00,2024-01-07 06:15:00,18.0,327,Terminal 2,G9,Cancelled
991629,2024-01-06 21:00:00,American Airlines,DE666,ORD,DXB,2024-01-07 03:00:00,2024-01-07 03:10:00,34.0,2024-01-07 07:00:00,2024-01-07 07:15:00,168.0,212,Terminal 2,G36,Delayed
477559,2024-01-06 22:00:00,Lufthansa,DE348,ATL,LHR,2024-01-07 04:00:00,2024-01-07 04:10:00,49.0,2024-01-07 08:00:00,2024-01-07 08:15:00,49.0,209,Terminal 3,G44,Cancelled
514853,2024-01-06 23:00:00,Emirates,LU176,ATL,HND,2024-01-07 05:00:00,2024-01-07 05:10:00,117.0,2024-01-07 09:00:00,2024-01-07 09:15:00,114.0,64,Terminal 2,G46,Cancelled
594908,2024-01-07 00:00:00,Lufthansa,LU999,ORD,LHR,2024-01-07 06:00:00,2024-01-07 06:10:00,74.0,2024-01-07 10:00:00,2024-01-07 10:15:00,10.0,137,Terminal 5,G20,On Time
485061,2024-01-07 01:00:00,Emirates,DE102,JFK,SYD,2024-01-07 07:00:00,2024-01-07 07:10:00,103.0,2024-01-07 11:00:00,2024-01-07 11:15:00,101.0,248,Terminal 3,G15,Delayed
994881,2024-01-07 02:00:00,American Airlines,DE382,ATL,SYD,2024-01-07 08:00:00,2024-01-07 08:10:00,1.0,2024-01-07 12:00:00,2024-01-07 12:15:00,1.0,114,Terminal 5,G33,Cancelled
313257,2024-01-07 03:00:00,United Airlines,UN939,DFW,HND,2024-01-07 09:00:00,2024-01-07 09:10:00,33.0,2024-01-07 13:00:00,2024-01-07 13:15:00,126.0,100,Terminal 3,G42,Cancelled
909523,2024-01-07 04:00:00,American Airlines,EM411,ATL,SYD,2024-01-07 10:00:00,2024-01-07 10:10:00,47.0,2024-01-07 14:00:00,2024-01-07 14:15:00,129.0,315,Terminal 4,G46,On Time
933311,2024-01-07 05:00:00,Lufthansa,DE841,JFK,CDG,2024-01-07 11:00:00,2024-01-07 11:10:00,83.0,2024-01-07 15:00:00,2024-01-07 15:15:00,89.0,71,Terminal 4,G45,Delayed
440777,2024-01-07 06:00:00,Lufthansa,AM798,JFK,HND,2024-01-07 12:00:00,2024-01-07 12:10:00,44.0,2024-01-07 16:00:00,2024-01-07 16:15:00,123.0,251,Terminal 1,G23,Cancelled
178654,2024-01-07 07:00:00,Emirates,AM781,DFW,SYD,2024-01-07 13:00:00,2024-01-07 13:10:00,85.0,2024-01-07 17:00:00,2024-01-07 17:15:00,52.0,386,Terminal 2,G34,Cancelled
430802,2024-01-07 08:00:00,Lufthansa,EM618,DFW,CDG,2024-01-07 14:00:00,2024-01-07 14:10:00,101.0,2024-01-07 18:00:00,2024-01-07 18:15:00,77.0,55,Terminal 5,G50,On Time
360396,2024-01-07 09:00:00,American Airlines,DE108,JFK,SYD,2024-01-07 15:00:00,2024-01-07 15:10:00,,2024-01-07 19:00:00,2024-01-07 19:15:00,138.0,175,Terminal 4,G1,Delayed
371278,2024-01-07 10:00:00,Lufthansa,UN391,ORD,CDG,2024-01-07 16:00:00,2024-01-07 16:10:00,86.0,2024-01-07 20:00:00,2024-01-07 20:15:00,151.0,259,Terminal 1,G2,Delayed
793520,2024-01-07 11:00:00,Emirates,EM269,ATL,LHR,2024-01-07 17:00:00,2024-01-07 17:10:00,48.0,2024-01-07 21:00:00,2024-01-07 21:15:00,139.0,177,Terminal 1,G38,Delayed
832662,2024-01-07 12:00:00,Emirates,EM434,ORD,LHR,2024-01-07 18:00:00,2024-01-07 18:10:00,,2024-01-07 22:00:00,2024-01-07 22:15:00,177.0,136,Terminal 5,G40,Delayed
617789,2024-01-07 13:00:00,Emirates,AM816,LAX,HND,2024-01-07 19:00:00,2024-01-07 19:10:00,-5.0,2024-01-07 23:00:00,2024-01-07 23:15:00,29.0,168,Terminal 3,G38,On Time
398272,2024-01-07 14:00:00,Emirates,UN494,LAX,DXB,2024-01-07 20:00:00,2024-01-07 20:10:00,75.0,2024-01-08 00:00:00,2024-01-08 00:15:00,69.0,400,Terminal 5,G33,Cancelled
311748,2024-01-07 15:00:00,Delta,AM430,LAX,CDG,2024-01-07 21:00:00,2024-01-07 21:10:00,-2.0,2024-01-08 01:00:00,2024-01-08 01:15:00,156.0,239,Terminal 2,G28,Cancelled
727527,2024-01-07 16:00:00,American Airlines,EM541,ORD,CDG,2024-01-07 22:00:00,2024-01-07 22:10:00,15.0,2024-01-08 02:00:00,2024-01-08 02:15:00,9.0,112,Terminal 5,G28,Cancelled
243266,2024-01-07 17:00:00,Emirates,DE378,ORD,DXB,2024-01-07 23:00:00,2024-01-07 23:10:00,,2024-01-08 03:00:00,2024-01-08 03:15:00,72.0,331,Terminal 4,G44,Delayed
620585,2024-01-07 18:00:00,United Airlines,EM203,DFW,LHR,2024-01-08 00:00:00,2024-01-08 00:10:00,,2024-01-08 04:00:00,2024-01-08 04:15:00,130.0,216,Terminal 1,G45,Delayed
101089,2024-01-07 19:00:00,United Airlines,AM779,JFK,SYD,2024-01-08 01:00:00,2024-01-08 01:10:00,,2024-01-08 05:00:00,2024-01-08 05:15:00,,137,Terminal 3,G37,On Time
643288,2024-01-07 20:00:00,United Airlines,UN655,JFK,CDG,2024-01-08 02:00:00,2024-01-08 02:10:00,23.0,2024-01-08 06:00:00,2024-01-08 06:15:00,98.0,124,Terminal 3,G11,Delayed
209737,2024-01-07 21:00:00,American Airlines,LU162,JFK,CDG,2024-01-08 03:00:00,2024-01-08 03:10:00,17.0,2024-01-08 07:00:00,2024-01-08 07:15:00,144.0,354,Terminal 2,G45,On Time
279076,2024-01-07 22:00:00,United Airlines,DE960,ORD,LHR,2024-01-08 04:00:00,2024-01-08 04:10:00,81.0,2024-01-08 08:00:00,2024-01-08 08:15:00,167.0,387,Terminal 5,G18,On Time
159476,2024-01-07 23:00:00,Lufthansa,DE726,DFW,CDG,2024-01-08 05:00:00,2024-01-08 05:10:00,28.0,2024-01-08 09:00:00,2024-01-08 09:15:00,10.0,95,Terminal 4,G42,On Time
580451,2024-01-08 00:00:00,Emirates,AM777,ATL,SYD,2024-01-08 06:00:00,2024-01-08 06:10:00,43.0,2024-01-08 10:00:00,2024-01-08 10:15:00,110.0,268,Terminal 5,G21,Delayed
672197,2024-01-08 01:00:00,United Airlines,AM224,JFK,LHR,2024-01-08 07:00:00,2024-01-08 07:10:00,107.0,2024-01-08 11:00:00,2024-01-08 11:15:00,159.0,231,Terminal 4,G45,Delayed
146939,2024-01-08 02:00:00,Emirates,EM249,LAX,SYD,2024-01-08 08:00:00,2024-01-08 08:10:00,109.0,2024-01-08 12:00:00,2024-01-08 12:15:00,118.0,254,Terminal 4,G2,Delayed
899594,2024-01-08 03:00:00,Emirates,UN361,ATL,LHR,2024-01-08 09:00:00,2024-01-08 09:10:00,26.0,2024-01-08 13:00:00,2024-01-08 13:15:00,76.0,97,Terminal 1,G21,On Time
966605,2024-01-08 04:00:00,American Airlines,DE608,DFW,CDG,2024-01-08 10:00:00,2024-01-08 10:10:00,87.0,2024-01-08 14:00:00,2024-01-08 14:15:00,125.0,152,Terminal 2,G5,Delayed
849948,2024-01-08 05:00:00,Lufthansa,LU212,LAX,DXB,2024-01-08 11:00:00,2024-01-08 11:10:00,,2024-01-08 15:00:00,2024-01-08 15:15:00,,81,Terminal 5,G18,Delayed
127021,2024-01-08 06:00:00,Emirates,DE198,ORD,HND,2024-01-08 12:00:00,2024-01-08 12:10:00,60.0,2024-01-08 16:00:00,2024-01-08 16:15:00,134.0,275,Terminal 4,G40,Delayed
317567,2024-01-08 07:00:00,American Airlines,EM627,LAX,CDG,2024-01-08 13:00:00,2024-01-08 13:10:00,70.0,2024-01-08 17:00:00,2024-01-08 17:15:00,107.0,173,Terminal 4,G2,Cancelled
616506,2024-01-08 08:00:00,American Airlines,AM261,DFW,LHR,2024-01-08 14:00:00,2024-01-08 14:10:00,75.0,2024-01-08 18:00:00,2024-01-08 18:15:00,147.0,367,Terminal 4,G20,Cancelled
665993,2024-01-08 09:00:00,Delta,EM868,JFK,DXB,2024-01-08 15:00:00,2024-01-08 15:10:00,,2024-01-08 19:00:00,2024-01-08 19:15:00,22.0,313,Terminal 4,G33,Delayed
193320,2024-01-08 10:00:00,United Airlines,DE713,ORD,HND,2024-01-08 16:00:00,2024-01-08 16:10:00,11.0,2024-01-08 20:00:00,2024-01-08 20:15:00,,274,Terminal 2,G49,Delayed
997839,2024-01-08 11:00:00,Emirates,LU867,DFW,SYD,2024-01-08 17:00:00,2024-01-08 17:10:00,116.0,2024-01-08 21:00:00,2024-01-08 21:15:00,149.0,90,Terminal 1,G30,Delayed
102235,2024-01-08 12:00:00,Lufthansa,EM875,ATL,DXB,2024-01-08 18:00:00,2024-01-08 18:10:00,42.0,2024-01-08 22:00:00,2024-01-08 22:15:00,168.0,381,Terminal 2,G48,Cancelled
221295,2024-01-08 13:00:00,Delta,AM793,LAX,SYD,2024-01-08 19:00:00,2024-01-08 19:10:00,66.0,2024-01-08 23:00:00,2024-01-08 23:15:00,35.0,393,Terminal 3,G15,Delayed
103207,2024-01-08 14:00:00,Emirates,LU932,LAX,SYD,2024-01-08 20:00:00,2024-01-08 20:10:00,88.0,2024-01-09 00:00:00,2024-01-09 00:15:00,100.0,198,Terminal 3,G23,On Time
361177,2024-01-08 15:00:00,Emirates,DE234,LAX,CDG,2024-01-08 21:00:00,2024-01-08 21:10:00,35.0,2024-01-09 01:00:00,2024-01-09 01:15:00,160.0,311,Terminal 3,G47,Cancelled
764810,2024-01-08 16:00:00,Emirates,DE497,DFW,CDG,2024-01-08 22:00:00,2024-01-08 22:10:00,75.0,2024-01-09 02:00:00,2024-01-09 02:15:00,139.0,198,Terminal 4,G39,Cancelled
250268,2024-01-08 17:00:00,Lufthansa,LU831,LAX,CDG,2024-01-08 23:00:00,2024-01-08 23:10:00,24.0,2024-01-09 03:00:00,2024-01-09 03:15:00,34.0,398,Terminal 1,G32,Delayed
941171,2024-01-08 18:00:00,Lufthansa,UN405,ATL,SYD,2024-01-09 00:00:00,2024-01-09 00:10:00,105.0,2024-01-09 04:00:00,2024-01-09 04:15:00,38.0,214,Terminal 3,G24,On Time
105790,2024-01-08 19:00:00,Emirates,UN190,LAX,SYD,2024-01-09 01:00:00,2024-01-09 01:10:00,68.0,2024-01-09 05:00:00,2024-01-09 05:15:00,22.0,188,Terminal 2,G18,Delayed
627200,2024-01-08 20:00:00,United Airlines,DE101,DFW,HND,2024-01-09 02:00:00,2024-01-09 02:10:00,102.0,2024-01-09 06:00:00,2024-01-09 06:15:00,,207,Terminal 1,G15,Delayed
259620,2024-01-08 21:00:00,American Airlines,DE165,ATL,LHR,2024-01-09 03:00:00,2024-01-09 03:10:00,73.0,2024-01-09 07:00:00,2024-01-09 07:15:00,,151,Terminal 3,G19,Delayed
988223,2024-01-08 22:00:00,United Airlines,AM826,JFK,HND,2024-01-09 04:00:00,2024-01-09 04:10:00,3.0,2024-01-09 08:00:00,2024-01-09 08:15:00,,65,Terminal 2,G21,Delayed
350959,2024-01-08 23:00:00,Delta,AM324,DFW,CDG,2024-01-09 05:00:00,2024-01-09 05:10:00,39.0,2024-01-09 09:00:00,2024-01-09 09:15:00,89.0,52,Terminal 5,G16,Delayed
369570,2024-01-09 00:00:00,Delta,DE225,ORD,LHR,2024-01-09 06:00:00,2024-01-09 06:10:00,39.0,2024-01-09 10:00:00,2024-01-09 10:15:00,159.0,287,Terminal 2,G25,Cancelled
201540,2024-01-09 01:00:00,United Airlines,LU565,ATL,CDG,2024-01-09 07:00:00,2024-01-09 07:10:00,77.0,2024-01-09 11:00:00,2024-01-09 11:15:00,76.0,380,Terminal 3,G19,Cancelled
952221,2024-01-09 02:00:00,Lufthansa,UN945,ORD,DXB,2024-01-09 08:00:00,2024-01-09 08:10:00,86.0,2024-01-09 12:00:00,2024-01-09 12:15:00,,199,Terminal 5,G40,Delayed
905762,2024-01-09 03:00:00,Lufthansa,LU445,ORD,CDG,2024-01-09 09:00:00,2024-01-09 09:10:00,12.0,2024-01-09 13:00:00,2024-01-09 13:15:00,119.0,222,Terminal 5,G37,Cancelled
524688,2024-01-09 04:00:00,United Airlines,EM740,JFK,LHR,2024-01-09 10:00:00,2024-01-09 10:10:00,55.0,2024-01-09 14:00:00,2024-01-09 14:15:00,9.0,395,Terminal 5,G26,Cancelled
110096,2024-01-09 05:00:00,American Airlines,LU766,ORD,HND,2024-01-09 11:00:00,2024-01-09 11:10:00,36.0,2024-01-09 15:00:00,2024-01-09 15:15:00,41.0,280,Terminal 3,G7,On Time
726292,2024-01-09 06:00:00,Lufthansa,LU351,ORD,CDG,2024-01-09 12:00:00,2024-01-09 12:10:00,,2024-01-09 16:00:00,2024-01-09 16:15:00,,300,Terminal 2,G46,On Time
818651,2024-01-09 07:00:00,Delta,AM326,ATL,SYD,2024-01-09 13:00:00,2024-01-09 13:10:00,68.0,2024-01-09 17:00:00,2024-01-09 17:15:00,91.0,290,Terminal 1,G4,Cancelled
744368,2024-01-09 08:00:00,Emirates,UN844,ORD,DXB,2024-01-09 14:00:00,2024-01-09 14:10:00,3.0,2024-01-09 18:00:00,2024-01-09 18:15:00,,198,Terminal 2,G32,On Time
125782,2024-01-09 09:00:00,American Airlines,AM497,LAX,SYD,2024-01-09 15:00:00,2024-01-09 15:10:00,58.0,2024-01-09 19:00:00,2024-01-09 19:15:00,0.0,112,Terminal 1,G32,Delayed
704821,2024-01-09 10:00:00,United Airlines,UN414,LAX,LHR,2024-01-09 16:00:00,2024-01-09 16:10:00,91.0,2024-01-09 20:00:00,2024-01-09 20:15:00,,381,Terminal 1,G47,Delayed
586579,2024-01-09 11:00:00,United Airlines,DE400,ATL,DXB,2024-01-09 17:00:00,2024-01-09 17:10:00,26.0,2024-01-09 21:00:00,2024-01-09 21:15:00,99.0,200,Terminal 5,G37,On Time
464376,2024-01-09 12:00:00,Emirates,AM414,ATL,HND,2024-01-09 18:00:00,2024-01-09 18:10:00,10.0,2024-01-09 22:00:00,2024-01-09 22:15:00,22.0,265,Terminal 3,G39,On Time
612822,2024-01-09 13:00:00,American Airlines,EM502,DFW,CDG,2024-01-09 19:00:00,2024-01-09 19:10:00,,2024-01-09 23:00:00,2024-01-09 23:15:00,118.0,227,Terminal 5,G41,Cancelled
838505,2024-01-09 14:00:00,United Airlines,AM279,DFW,CDG,2024-01-09 20:00:00,2024-01-09 20:10:00,49.0,2024-01-10 00:00:00,2024-01-10 00:15:00,,101,Terminal 1,G29,On Time
645527,2024-01-09 15:00:00,Lufthansa,UN123,LAX,DXB,2024-01-09 21:00:00,2024-01-09 21:10:00,49.0,2024-01-10 01:00:00,2024-01-10 01:15:00,163.0,306,Terminal 3,G30,Delayed
660745,2024-01-09 16:00:00,Delta,LU370,ORD,HND,2024-01-09 22:00:00,2024-01-09 22:10:00,67.0,2024-01-10 02:00:00,2024-01-10 02:15:00,163.0,157,Terminal 1,G10,On Time
945822,2024-01-09 17:00:00,Emirates,UN758,ORD,HND,2024-01-09 23:00:00,2024-01-09 23:10:00,86.0,2024-01-10 03:00:00,2024-01-10 03:15:00,,99,Terminal 1,G10,On Time
935533,2024-01-09 18:00:00,United Airlines,DE421,JFK,DXB,2024-01-10 00:00:00,2024-01-10 00:10:00,,2024-01-10 04:00:00,2024-01-10 04:15:00,78.0,255,Terminal 2,G11,Delayed
470720,2024-01-09 19:00:00,American Airlines,AM624,ORD,DXB,2024-01-10 01:00:00,2024-01-10 01:10:00,35.0,2024-01-10 05:00:00,2024-01-10 05:15:00,-2.0,175,Terminal 3,G10,Delayed
219297,2024-01-09 20:00:00,Emirates,UN897,DFW,LHR,2024-01-10 02:00:00,2024-01-10 02:10:00,31.0,2024-01-10 06:00:00,2024-01-10 06:15:00,179.0,152,Terminal 1,G45,Delayed
520006,2024-01-09 21:00:00,Emirates,DE450,DFW,DXB,2024-01-10 03:00:00,2024-01-10 03:10:00,91.0,2024-01-10 07:00:00,2024-01-10 07:15:00,176.0,139,Terminal 4,G28,Cancelled
517947,2024-01-09 22:00:00,American Airlines,UN476,LAX,DXB,2024-01-10 04:00:00,2024-01-10 04:10:00,91.0,2024-01-10 08:00:00,2024-01-10 08:15:00,180.0,237,Terminal 1,G20,Delayed
188465,2024-01-09 23:00:00,Delta,DE729,LAX,HND,2024-01-10 05:00:00,2024-01-10 05:10:00,103.0,2024-01-10 09:00:00,2024-01-10 09:15:00,146.0,163,Terminal 2,G25,Cancelled
689831,2024-01-10 00:00:00,American Airlines,EM265,ATL,HND,2024-01-10 06:00:00,2024-01-10 06:10:00,,2024-01-10 10:00:00,2024-01-10 10:15:00,13.0,174,Terminal 4,G47,Cancelled
119373,2024-01-10 01:00:00,United Airlines,UN756,JFK,SYD,2024-01-10 07:00:00,2024-01-10 07:10:00,110.0,2024-01-10 11:00:00,2024-01-10 11:15:00,111.0,271,Terminal 3,G44,On Time
622906,2024-01-10 02:00:00,United Airlines,DE546,DFW,SYD,2024-01-10 08:00:00,2024-01-10 08:10:00,29.0,2024-01-10 12:00:00,2024-01-10 12:15:00,,150,Terminal 2,G6,Cancelled
515490,2024-01-10 03:00:00,Lufthansa,UN336,LAX,HND,2024-01-10 09:00:00,2024-01-10 09:10:00,,2024-01-10 13:00:00,2024-01-10 13:15:00,,70,Terminal 2,G49,Cancelled
373396,2024-01-10 04:00:00,American Airlines,LU256,LAX,DXB,2024-01-10 10:00:00,2024-01-10 10:10:00,41.0,2024-01-10 14:00:00,2024-01-10 14:15:00,,220,Terminal 4,G21,Delayed
427606,2024-01-10 05:00:00,United Airlines,EM556,ORD,CDG,2024-01-10 11:00:00,2024-01-10 11:10:00,41.0,2024-01-10 15:00:00,2024-01-10 15:15:00,175.0,283,Terminal 2,G16,On Time
378775,2024-01-10 06:00:00,Emirates,LU283,DFW,DXB,2024-01-10 12:00:00,2024-01-10 12:10:00,21.0,2024-01-10 16:00:00,2024-01-10 16:15:00,153.0,230,Terminal 2,G16,Delayed
728331,2024-01-10 07:00:00,Emirates,DE126,LAX,CDG,2024-01-10 13:00:00,2024-01-10 13:10:00,81.0,2024-01-10 17:00:00,2024-01-10 17:15:00,130.0,287,Terminal 1,G3,Delayed
150306,2024-01-10 08:00:00,Emirates,UN602,ORD,HND,2024-01-10 14:00:00,2024-01-10 14:10:00,40.0,2024-01-10 18:00:00,2024-01-10 18:15:00,112.0,308,Terminal 2,G1,On Time
394331,2024-01-10 09:00:00,American Airlines,AM578,JFK,CDG,2024-01-10 15:00:00,2024-01-10 15:10:00,29.0,2024-01-10 19:00:00,2024-01-10 19:15:00,136.0,244,Terminal 3,G10,Cancelled
334236,2024-01-10 10:00:00,Emirates,EM225,ATL,HND,2024-01-10 16:00:00,2024-01-10 16:10:00,,2024-01-10 20:00:00,2024-01-10 20:15:00,173.0,256,Terminal 2,G32,Cancelled
922164,2024-01-10 11:00:00,Delta,DE952,DFW,HND,2024-01-10 17:00:00,2024-01-10 17:10:00,,2024-01-10 21:00:00,2024-01-10 21:15:00,50.0,78,Terminal 3,G1,On Time
718639,2024-01-10 12:00:00,American Airlines,EM696,LAX,LHR,2024-01-10 18:00:00,2024-01-10 18:10:00,-3.0,2024-01-10 22:00:00,2024-01-10 22:15:00,22.0,282,Terminal 1,G9,Delayed
402964,2024-01-10 13:00:00,United Airlines,DE458,ORD,HND,2024-01-10 19:00:00,2024-01-10 19:10:00,110.0,2024-01-10 23:00:00,2024-01-10 23:15:00,141.0,79,Terminal 3,G30,On Time
881038,2024-01-10 14:00:00,Emirates,LU990,ORD,SYD,2024-01-10 20:00:00,2024-01-10 20:10:00,6.0,2024-01-11 00:00:00,2024-01-11 00:15:00,109.0,145,Terminal 4,G50,Cancelled
804007,2024-01-10 15:00:00,United Airlines,UN621,DFW,SYD,2024-01-10 21:00:00,2024-01-10 21:10:00,18.0,2024-01-11 01:00:00,2024-01-11 01:15:00,38.0,222,Terminal 1,G24,Delayed
840390,2024-01-10 16:00:00,Delta,DE482,ORD,SYD,2024-01-10 22:00:00,2024-01-10 22:10:00,113.0,2024-01-11 02:00:00,2024-01-11 02:15:00,100.0,61,Terminal 5,G48,Cancelled
518045,2024-01-10 17:00:00,Emirates,EM444,ORD,DXB,2024-01-10 23:00:00,2024-01-10 23:10:00,36.0,2024-01-11 03:00:00,2024-01-11 03:15:00,16.0,283,Terminal 5,G4,On Time
852376,2024-01-10 18:00:00,Lufthansa,DE665,DFW,HND,2024-01-11 00:00:00,2024-01-11 00:10:00,-1.0,2024-01-11 04:00:00,2024-01-11 04:15:00,,245,Terminal 4,G31,Cancelled
178530,2024-01-10 19:00:00,United Airlines,EM707,JFK,CDG,2024-01-11 01:00:00,2024-01-11 01:10:00,65.0,2024-01-11 05:00:00,2024-01-11 05:15:00,158.0,268,Terminal 4,G27,Delayed
555260,2024-01-10 20:00:00,United Airlines,EM835,DFW,HND,2024-01-11 02:00:00,2024-01-11 02:10:00,36.0,2024-01-11 06:00:00,2024-01-11 06:15:00,161.0,268,Terminal 2,G40,On Time
778277,2024-01-10 21:00:00,Lufthansa,EM271,JFK,SYD,2024-01-11 03:00:00,2024-01-11 03:10:00,85.0,2024-01-11 07:00:00,2024-01-11 07:15:00,115.0,72,Terminal 1,G31,On Time
248174,2024-01-10 22:00:00,United Airlines,UN534,ORD,HND,2024-01-11 04:00:00,2024-01-11 04:10:00,10.0,2024-01-11 08:00:00,2024-01-11 08:15:00,-5.0,247,Terminal 4,G49,On Time
231216,2024-01-10 23:00:00,United Airlines,EM352,DFW,DXB,2024-01-11 05:00:00,2024-01-11 05:10:00,108.0,2024-01-11 09:00:00,2024-01-11 09:15:00,113.0,344,Terminal 4,G45,Cancelled
822953,2024-01-11 00:00:00,United Airlines,EM243,ATL,DXB,2024-01-11 06:00:00,2024-01-11 06:10:00,,2024-01-11 10:00:00,2024-01-11 10:15:00,,378,Terminal 5,G28,Delayed
277106,2024-01-11 01:00:00,Delta,AM198,ORD,CDG,2024-01-11 07:00:00,2024-01-11 07:10:00,,2024-01-11 11:00:00,2024-01-11 11:15:00,28.0,394,Terminal 3,G45,On Time
588886,2024-01-11 02:00:00,United Airlines,LU303,ATL,CDG,2024-01-11 08:00:00,2024-01-11 08:10:00,42.0,2024-01-11 12:00:00,2024-01-11 12:15:00,167.0,232,Terminal 2,G37,Cancelled
823326,2024-01-11 03:00:00,Lufthansa,AM664,LAX,DXB,2024-01-11 09:00:00,2024-01-11 09:10:00,92.0,2024-01-11 13:00:00,2024-01-11 13:15:00,96.0,59,Terminal 5,G16,On Time
980871,2024-01-11 04:00:00,Lufthansa,EM244,JFK,SYD,2024-01-11 10:00:00,2024-01-11 10:10:00,-5.0,2024-01-11 14:00:00,2024-01-11 14:15:00,13.0,313,Terminal 2,G35,On Time
565473,2024-01-11 05:00:00,American Airlines,EM895,JFK,SYD,2024-01-11 11:00:00,2024-01-11 11:10:00,104.0,2024-01-11 15:00:00,2024-01-11 15:15:00,91.0,234,Terminal 1,G45,Cancelled
238657,2024-01-11 06:00:00,Emirates,UN591,JFK,DXB,2024-01-11 12:00:00,2024-01-11 12:10:00,95.0,2024-01-11 16:00:00,2024-01-11 16:15:00,,125,Terminal 1,G3,On Time
552489,2024-01-11 07:00:00,American Airlines,AM680,LAX,SYD,2024-01-11 13:00:00,2024-01-11 13:10:00,43.0,2024-01-11 17:00:00,2024-01-11 17:15:00,81.0,268,Terminal 1,G21,Delayed
209738,2024-01-11 08:00:00,Lufthansa,UN161,LAX,SYD,2024-01-11 14:00:00,2024-01-11 14:10:00,-2.0,2024-01-11 18:00:00,2024-01-11 18:15:00,111.0,91,Terminal 4,G7,Delayed
119560,2024-01-11 09:00:00,American Airlines,AM123,ORD,DXB,2024-01-11 15:00:00,2024-01-11 15:10:00,82.0,2024-01-11 19:00:00,2024-01-11 19:15:00,,74,Terminal 2,G17,On Time
457016,2024-01-11 10:00:00,Emirates,AM732,ATL,HND,2024-01-11 16:00:00,2024-01-11 16:10:00,111.0,2024-01-11 20:00:00,2024-01-11 20:15:00,0.0,265,Terminal 4,G23,On Time
381613,2024-01-11 11:00:00,Lufthansa,DE758,JFK,SYD,2024-01-11 17:00:00,2024-01-11 17:10:00,70.0,2024-01-11 21:00:00,2024-01-11 21:15:00,,312,Terminal 3,G16,Delayed
918437,2024-01-11 12:00:00,Lufthansa,LU276,DFW,LHR,2024-01-11 18:00:00,2024-01-11 18:10:00,22.0,2024-01-11 22:00:00,2024-01-11 22:15:00,30.0,365,Terminal 5,G36,On Time
779667,2024-01-11 13:00:00,Delta,LU421,LAX,LHR,2024-01-11 19:00:00,2024-01-11 19:10:00,99.0,2024-01-11 23:00:00,2024-01-11 23:15:00,,259,Terminal 2,G25,On Time
930062,2024-01-11 14:00:00,Delta,DE769,ORD,SYD,2024-01-11 20:00:00,2024-01-11 20:10:00,,2024-01-12 00:00:00,2024-01-12 00:15:00,,240,Terminal 1,G42,Delayed
998843,2024-01-11 15:00:00,Emirates,AM836,JFK,LHR,2024-01-11 21:00:00,2024-01-11 21:10:00,28.0,2024-01-12 01:00:00,2024-01-12 01:15:00,138.0,227,Terminal 3,G39,Cancelled
139429,2024-01-11 16:00:00,Lufthansa,EM249,ATL,SYD,2024-01-11 22:00:00,2024-01-11 22:10:00,66.0,2024-01-12 02:00:00,2024-01-12 02:15:00,152.0,157,Terminal 1,G44,Delayed
277600,2024-01-11 17:00:00,United Airlines,DE419,ORD,CDG,2024-01-11 23:00:00,2024-01-11 23:10:00,103.0,2024-01-12 03:00:00,2024-01-12 03:15:00,,119,Terminal 4,G1,Delayed
859347,2024-01-11 18:00:00,Lufthansa,EM961,JFK,DXB,2024-01-12 00:00:00,2024-01-12 00:10:00,120.0,2024-01-12 04:00:00,2024-01-12 04:15:00,,247,Terminal 3,G8,On Time
500099,2024-01-11 19:00:00,American Airlines,LU628,DFW,CDG,2024-01-12 01:00:00,2024-01-12 01:10:00,41.0,2024-01-12 05:00:00,2024-01-12 05:15:00,26.0,180,Terminal 1,G28,Delayed
120266,2024-01-11 20:00:00,Lufthansa,DE350,LAX,HND,2024-01-12 02:00:00,2024-01-12 02:10:00,41.0,2024-01-12 06:00:00,2024-01-12 06:15:00,14.0,304,Terminal 4,G34,Delayed
881887,2024-01-11 21:00:00,United Airlines,DE397,DFW,CDG,2024-01-12 03:00:00,2024-01-12 03:10:00,15.0,2024-01-12 07:00:00,2024-01-12 07:15:00,134.0,188,Terminal 5,G5,Delayed
990575,2024-01-11 22:00:00,Delta,EM880,JFK,CDG,2024-01-12 04:00:00,2024-01-12 04:10:00,89.0,2024-01-12 08:00:00,2024-01-12 08:15:00,91.0,104,Terminal 4,G10,Cancelled
288827,2024-01-11 23:00:00,Emirates,LU240,LAX,DXB,2024-01-12 05:00:00,2024-01-12 05:10:00,,2024-01-12 09:00:00,2024-01-12 09:15:00,63.0,382,Terminal 2,G49,On Time
648638,2024-01-12 00:00:00,Lufthansa,EM332,LAX,HND,2024-01-12 06:00:00,2024-01-12 06:10:00,74.0,2024-01-12 10:00:00,2024-01-12 10:15:00,23.0,182,Terminal 1,G3,Delayed
781249,2024-01-12 01:00:00,Delta,DE323,ORD,CDG,2024-01-12 07:00:00,2024-01-12 07:10:00,108.0,2024-01-12 11:00:00,2024-01-12 11:15:00,,82,Terminal 2,G32,On Time
416957,2024-01-12 02:00:00,Lufthansa,DE241,JFK,CDG,2024-01-12 08:00:00,2024-01-12 08:10:00,,2024-01-12 12:00:00,2024-01-12 12:15:00,113.0,142,Terminal 2,G22,Cancelled
992784,2024-01-12 03:00:00,American Airlines,EM970,ATL,LHR,2024-01-12 09:00:00,2024-01-12 09:10:00,79.0,2024-01-12 13:00:00,2024-01-12 13:15:00,127.0,394,Terminal 3,G1,On Time
933829,2024-01-12 04:00:00,Delta,DE324,LAX,SYD,2024-01-12 10:00:00,2024-01-12 10:10:00,,2024-01-12 14:00:00,2024-01-12 14:15:00,11.0,189,Terminal 1,G4,On Time
532295,2024-01-12 05:00:00,Lufthansa,DE115,JFK,HND,2024-01-12 11:00:00,2024-01-12 11:10:00,67.0,2024-01-12 15:00:00,2024-01-12 15:15:00,,57,Terminal 3,G2,Cancelled
472979,2024-01-12 06:00:00,American Airlines,DE215,LAX,HND,2024-01-12 12:00:00,2024-01-12 12:10:00,109.0,2024-01-12 16:00:00,2024-01-12 16:15:00,67.0,395,Terminal 5,G26,Cancelled
856055,2024-01-12 07:00:00,Lufthansa,AM167,ORD,HND,2024-01-12 13:00:00,2024-01-12 13:10:00,-2.0,2024-01-12 17:00:00,2024-01-12 17:15:00,15.0,183,Terminal 4,G40,On Time
447174,2024-01-12 08:00:00,Lufthansa,EM534,ATL,CDG,2024-01-12 14:00:00,2024-01-12 14:10:00,-3.0,2024-01-12 18:00:00,2024-01-12 18:15:00,,150,Terminal 1,G50,Delayed
713128,2024-01-12 09:00:00,Delta,EM952,ORD,HND,2024-01-12 15:00:00,2024-01-12 15:10:00,77.0,2024-01-12 19:00:00,2024-01-12 19:15:00,103.0,341,Terminal 5,G40,Delayed
249018,2024-01-12 10:00:00,American Airlines,EM289,LAX,DXB,2024-01-12 16:00:00,2024-01-12 16:10:00,,2024-01-12 20:00:00,2024-01-12 20:15:00,40.0,273,Terminal 4,G44,On Time
195440,2024-01-12 11:00:00,United Airlines,DE388,ORD,HND,2024-01-12 17:00:00,2024-01-12 17:10:00,-3.0,2024-01-12 21:00:00,2024-01-12 21:15:00,33.0,316,Terminal 3,G6,Cancelled
841647,2024-01-12 12:00:00,Lufthansa,AM576,DFW,CDG,2024-01-12 18:00:00,2024-01-12 18:10:00,,2024-01-12 22:00:00,2024-01-12 22:15:00,140.0,195,Terminal 1,G23,Cancelled
656166,2024-01-12 13:00:00,American Airlines,LU614,LAX,HND,2024-01-12 19:00:00,2024-01-12 19:10:00,40.0,2024-01-12 23:00:00,2024-01-12 23:15:00,29.0,313,Terminal 5,G24,Delayed
716302,2024-01-12 14:00:00,Delta,DE968,DFW,SYD,2024-01-12 20:00:00,2024-01-12 20:10:00,79.0,2024-01-13 00:00:00,2024-01-13 00:15:00,146.0,157,Terminal 4,G34,Cancelled
432465,2024-01-12 15:00:00,Emirates,EM443,LAX,DXB,2024-01-12 21:00:00,2024-01-12 21:10:00,,2024-01-13 01:00:00,2024-01-13 01:15:00,124.0,212,Terminal 4,G23,On Time
501667,2024-01-12 16:00:00,Delta,UN241,LAX,LHR,2024-01-12 22:00:00,2024-01-12 22:10:00,92.0,2024-01-13 02:00:00,2024-01-13 02:15:00,26.0,348,Terminal 2,G37,On Time
667205,2024-01-12 17:00:00,American Airlines,AM589,ORD,HND,2024-01-12 23:00:00,2024-01-12 23:10:00,41.0,2024-01-13 03:00:00,2024-01-13 03:15:00,32.0,248,Terminal 4,G15,Delayed
631777,2024-01-12 18:00:00,Delta,LU124,DFW,HND,2024-01-13 00:00:00,2024-01-13 00:10:00,85.0,2024-01-13 04:00:00,2024-01-13 04:15:00,,75,Terminal 1,G38,Cancelled
947565,2024-01-12 19:00:00,United Airlines,AM537,DFW,SYD,2024-01-13 01:00:00,2024-01-13 01:10:00,69.0,2024-01-13 05:00:00,2024-01-13 05:15:00,119.0,53,Terminal 3,G43,Cancelled
520173,2024-01-12 20:00:00,Delta,DE858,ATL,DXB,2024-01-13 02:00:00,2024-01-13 02:10:00,,2024-01-13 06:00:00,2024-01-13 06:15:00,,52,Terminal 3,G11,Delayed
362327,2024-01-12 21:00:00,Lufthansa,EM676,DFW,HND,2024-01-13 03:00:00,2024-01-13 03:10:00,55.0,2024-01-13 07:00:00,2024-01-13 07:15:00,78.0,84,Terminal 4,G10,Cancelled
755109,2024-01-12 22:00:00,Lufthansa,LU509,ATL,CDG,2024-01-13 04:00:00,2024-01-13 04:10:00,28.0,2024-01-13 08:00:00,2024-01-13 08:15:00,72.0,332,Terminal 1,G17,Cancelled
704117,2024-01-12 23:00:00,Lufthansa,UN766,ATL,CDG,2024-01-13 05:00:00,2024-01-13 05:10:00,107.0,2024-01-13 09:00:00,2024-01-13 09:15:00,147.0,387,Terminal 4,G17,Delayed
327769,2024-01-13 00:00:00,Delta,LU727,LAX,CDG,2024-01-13 06:00:00,2024-01-13 06:10:00,,2024-01-13 10:00:00,2024-01-13 10:15:00,78.0,129,Terminal 3,G21,Cancelled
991091,2024-01-13 01:00:00,Lufthansa,UN853,ORD,LHR,2024-01-13 07:00:00,2024-01-13 07:10:00,76.0,2024-01-13 11:00:00,2024-01-13 11:15:00,,53,Terminal 5,G23,On Time
301300,2024-01-13 02:00:00,American Airlines,UN560,ORD,SYD,2024-01-13 08:00:00,2024-01-13 08:10:00,20.0,2024-01-13 12:00:00,2024-01-13 12:15:00,,312,Terminal 4,G28,On Time
801157,2024-01-13 03:00:00,Emirates,AM459,LAX,HND,2024-01-13 09:00:00,2024-01-13 09:10:00,40.0,2024-01-13 13:00:00,2024-01-13 13:15:00,35.0,299,Terminal 5,G22,On Time
713407,2024-01-13 04:00:00,Lufthansa,LU787,DFW,DXB,2024-01-13 10:00:00,2024-01-13 10:10:00,60.0,2024-01-13 14:00:00,2024-01-13 14:15:00,16.0,104,Terminal 4,G12,Cancelled
571637,2024-01-13 05:00:00,United Airlines,UN546,LAX,HND,2024-01-13 11:00:00,2024-01-13 11:10:00,29.0,2024-01-13 15:00:00,2024-01-13 15:15:00,164.0,248,Terminal 2,G14,Cancelled
387759,2024-01-13 06:00:00,United Airlines,EM179,LAX,CDG,2024-01-13 12:00:00,2024-01-13 12:10:00,5.0,2024-01-13 16:00:00,2024-01-13 16:15:00,31.0,373,Terminal 2,G12,Delayed
469389,2024-01-13 07:00:00,United Airlines,DE316,ORD,DXB,2024-01-13 13:00:00,2024-01-13 13:10:00,64.0,2024-01-13 17:00:00,2024-01-13 17:15:00,62.0,160,Terminal 4,G9,Cancelled
299431,2024-01-13 08:00:00,United Airlines,EM115,DFW,LHR,2024-01-13 14:00:00,2024-01-13 14:10:00,108.0,2024-01-13 18:00:00,2024-01-13 18:15:00,7.0,321,Terminal 5,G7,Cancelled
735950,2024-01-13 09:00:00,Lufthansa,LU807,DFW,CDG,2024-01-13 15:00:00,2024-01-13 15:10:00,58.0,2024-01-13 19:00:00,2024-01-13 19:15:00,114.0,332,Terminal 3,G20,Cancelled
166470,2024-01-13 10:00:00,Lufthansa,LU905,LAX,HND,2024-01-13 16:00:00,2024-01-13 16:10:00,9.0,2024-01-13 20:00:00,2024-01-13 20:15:00,153.0,112,Terminal 4,G48,Delayed
658095,2024-01-13 11:00:00,Lufthansa,EM732,LAX,LHR,2024-01-13 17:00:00,2024-01-13 17:10:00,6.0,2024-01-13 21:00:00,2024-01-13 21:15:00,79.0,353,Terminal 4,G35,Delayed
144721,2024-01-13 12:00:00,American Airlines,UN489,ATL,CDG,2024-01-13 18:00:00,2024-01-13 18:10:00,79.0,2024-01-13 22:00:00,2024-01-13 22:15:00,,160,Terminal 1,G40,On Time
284785,2024-01-13 13:00:00,Delta,LU271,JFK,DXB,2024-01-13 19:00:00,2024-01-13 19:10:00,85.0,2024-01-13 23:00:00,2024-01-13 23:15:00,70.0,396,Terminal 4,G20,Cancelled
344610,2024-01-13 14:00:00,United Airlines,LU823,ORD,LHR,2024-01-13 20:00:00,2024-01-13 20:10:00,10.0,2024-01-14 00:00:00,2024-01-14 00:15:00,,347,Terminal 1,G18,Delayed
667379,2024-01-13 15:00:00,American Airlines,LU294,LAX,CDG,2024-01-13 21:00:00,2024-01-13 21:10:00,24.0,2024-01-14 01:00:00,2024-01-14 01:15:00,30.0,373,Terminal 2,G50,Delayed
408319,2024-01-13 16:00:00,American Airlines,AM678,DFW,CDG,2024-01-13 22:00:00,2024-01-13 22:10:00,73.0,2024-01-14 02:00:00,2024-01-14 02:15:00,57.0,378,Terminal 1,G6,Delayed
683488,2024-01-13 17:00:00,Emirates,LU618,JFK,CDG,2024-01-13 23:00:00,2024-01-13 23:10:00,80.0,2024-01-14 03:00:00,2024-01-14 03:15:00,40.0,124,Terminal 5,G13,Delayed
562311,2024-01-13 18:00:00,Lufthansa,DE141,DFW,LHR,2024-01-14 00:00:00,2024-01-14 00:10:00,21.0,2024-01-14 04:00:00,2024-01-14 04:15:00,163.0,294,Terminal 5,G40,On Time
530565,2024-01-13 19:00:00,United Airlines,LU215,ATL,HND,2024-01-14 01:00:00,2024-01-14 01:10:00,29.0,2024-01-14 05:00:00,2024-01-14 05:15:00,77.0,91,Terminal 5,G50,Delayed
188351,2024-01-13 20:00:00,American Airlines,DE730,DFW,SYD,2024-01-14 02:00:00,2024-01-14 02:10:00,30.0,2024-01-14 06:00:00,2024-01-14 06:15:00,108.0,339,Terminal 2,G37,On Time
923022,2024-01-13 21:00:00,American Airlines,EM611,DFW,SYD,2024-01-14 03:00:00,2024-01-14 03:10:00,,2024-01-14 07:00:00,2024-01-14 07:15:00,26.0,98,Terminal 5,G37,Cancelled
770039,2024-01-13 22:00:00,Emirates,EM148,JFK,SYD,2024-01-14 04:00:00,2024-01-14 04:10:00,-4.0,2024-01-14 08:00:00,2024-01-14 08:15:00,44.0,309,Terminal 1,G24,Delayed
418482,2024-01-13 23:00:00,Lufthansa,EM750,ORD,DXB,2024-01-14 05:00:00,2024-01-14 05:10:00,107.0,2024-01-14 09:00:00,2024-01-14 09:15:00,,353,Terminal 4,G42,On Time
418411,2024-01-14 00:00:00,Lufthansa,AM231,JFK,CDG,2024-01-14 06:00:00,2024-01-14 06:10:00,7.0,2024-01-14 10:00:00,2024-01-14 10:15:00,,344,Terminal 4,G6,Cancelled
367404,2024-01-14 01:00:00,United Airlines,DE197,DFW,DXB,2024-01-14 07:00:00,2024-01-14 07:10:00,,2024-01-14 11:00:00,2024-01-14 11:15:00,171.0,162,Terminal 4,G29,Cancelled
334731,2024-01-14 02:00:00,Lufthansa,DE247,JFK,HND,2024-01-14 08:00:00,2024-01-14 08:10:00,93.0,2024-01-14 12:00:00,2024-01-14 12:15:00,158.0,336,Terminal 1,G26,Delayed
867471,2024-01-14 03:00:00,Lufthansa,LU934,DFW,CDG,2024-01-14 09:00:00,2024-01-14 09:10:00,25.0,2024-01-14 13:00:00,2024-01-14 13:15:00,,104,Terminal 4,G37,On Time
850886,2024-01-14 04:00:00,Delta,DE849,DFW,SYD,2024-01-14 10:00:00,2024-01-14 10:10:00,60.0,2024-01-14 14:00:00,2024-01-14 14:15:00,129.0,362,Terminal 1,G39,Cancelled
988379,2024-01-14 05:00:00,Lufthansa,EM245,JFK,CDG,2024-01-14 11:00:00,2024-01-14 11:10:00,99.0,2024-01-14 15:00:00,2024-01-14 15:15:00,103.0,323,Terminal 1,G13,Delayed
335503,2024-01-14 06:00:00,Delta,AM816,DFW,LHR,2024-01-14 12:00:00,2024-01-14 12:10:00,0.0,2024-01-14 16:00:00,2024-01-14 16:15:00,113.0,294,Terminal 2,G14,Delayed
802153,2024-01-14 07:00:00,Lufthansa,EM683,DFW,CDG,2024-01-14 13:00:00,2024-01-14 13:10:00,87.0,2024-01-14 17:00:00,2024-01-14 17:15:00,127.0,359,Terminal 2,G4,Delayed
808681,2024-01-14 08:00:00,Lufthansa,AM341,DFW,LHR,2024-01-14 14:00:00,2024-01-14 14:10:00,,2024-01-14 18:00:00,2024-01-14 18:15:00,40.0,115,Terminal 4,G16,Delayed
905569,2024-01-14 09:00:00,Delta,AM315,JFK,CDG,2024-01-14 15:00:00,2024-01-14 15:10:00,17.0,2024-01-14 19:00:00,2024-01-14 19:15:00,120.0,99,Terminal 5,G36,Delayed
562597,2024-01-14 10:00:00,Emirates,UN187,ATL,DXB,2024-01-14 16:00:00,2024-01-14 16:10:00,,2024-01-14 20:00:00,2024-01-14 20:15:00,122.0,261,Terminal 4,G6,Delayed
343109,2024-01-14 11:00:00,United Airlines,EM337,JFK,SYD,2024-01-14 17:00:00,2024-01-14 17:10:00,,2024-01-14 21:00:00,2024-01-14 21:15:00,152.0,220,Terminal 2,G21,Cancelled
496091,2024-01-14 12:00:00,United Airlines,AM214,DFW,SYD,2024-01-14 18:00:00,2024-01-14 18:10:00,13.0,2024-01-14 22:00:00,2024-01-14 22:15:00,,51,Terminal 3,G28,Cancelled
908595,2024-01-14 13:00:00,Emirates,LU176,LAX,LHR,2024-01-14 19:00:00,2024-01-14 19:10:00,,2024-01-14 23:00:00,2024-01-14 23:15:00,71.0,99,Terminal 3,G38,On Time
775393,2024-01-14 14:00:00,Lufthansa,LU515,LAX,DXB,2024-01-14 20:00:00,2024-01-14 20:10:00,,2024-01-15 00:00:00,2024-01-15 00:15:00,53.0,318,Terminal 3,G21,Delayed
777331,2024-01-14 15:00:00,United Airlines,UN780,ORD,CDG,2024-01-14 21:00:00,2024-01-14 21:10:00,32.0,2024-01-15 01:00:00,2024-01-15 01:15:00,,87,Terminal 2,G38,On Time
138792,2024-01-14 16:00:00,American Airlines,LU414,LAX,CDG,2024-01-14 22:00:00,2024-01-14 22:10:00,86.0,2024-01-15 02:00:00,2024-01-15 02:15:00,93.0,288,Terminal 4,G3,Cancelled
750620,2024-01-14 17:00:00,Emirates,EM998,ORD,SYD,2024-01-14 23:00:00,2024-01-14 23:10:00,35.0,2024-01-15 03:00:00,2024-01-15 03:15:00,109.0,235,Terminal 5,G31,On Time
986778,2024-01-14 18:00:00,Lufthansa,LU696,LAX,SYD,2024-01-15 00:00:00,2024-01-15 00:10:00,,2024-01-15 04:00:00,2024-01-15 04:15:00,106.0,283,Terminal 3,G1,Cancelled
164945,2024-01-14 19:00:00,United Airlines,LU140,ATL,SYD,2024-01-15 01:00:00,2024-01-15 01:10:00,94.0,2024-01-15 05:00:00,2024-01-15 05:15:00,,265,Terminal 2,G23,Delayed
636965,2024-01-14 20:00:00,Emirates,LU217,ATL,DXB,2024-01-15 02:00:00,2024-01-15 02:10:00,66.0,2024-01-15 06:00:00,2024-01-15 06:15:00,156.0,54,Terminal 1,G48,Delayed
445283,2024-01-14 21:00:00,American Airlines,DE718,ATL,LHR,2024-01-15 03:00:00,2024-01-15 03:10:00,,2024-01-15 07:00:00,2024-01-15 07:15:00,,102,Terminal 1,G43,On Time
559650,2024-01-14 22:00:00,American Airlines,UN926,LAX,SYD,2024-01-15 04:00:00,2024-01-15 04:10:00,70.0,2024-01-15 08:00:00,2024-01-15 08:15:00,150.0,311,Terminal 2,G44,Delayed
455939,2024-01-14 23:00:00,Emirates,UN438,LAX,SYD,2024-01-15 05:00:00,2024-01-15 05:10:00,9.0,2024-01-15 09:00:00,2024-01-15 09:15:00,161.0,66,Terminal 5,G49,On Time
333543,2024-01-15 00:00:00,American Airlines,DE910,ORD,HND,2024-01-15 06:00:00,2024-01-15 06:10:00,-1.0,2024-01-15 10:00:00,2024-01-15 10:15:00,151.0,316,Terminal 5,G28,On Time
915701,2024-01-15 01:00:00,United Airlines,DE220,ATL,HND,2024-01-15 07:00:00,2024-01-15 07:10:00,119.0,2024-01-15 11:00:00,2024-01-15 11:15:00,158.0,270,Terminal 4,G39,Cancelled
874016,2024-01-15 02:00:00,United Airlines,EM605,DFW,SYD,2024-01-15 08:00:00,2024-01-15 08:10:00,,2024-01-15 12:00:00,2024-01-15 12:15:00,,275,Terminal 5,G24,On Time
590570,2024-01-15 03:00:00,Delta,UN564,ATL,CDG,2024-01-15 09:00:00,2024-01-15 09:10:00,74.0,2024-01-15 13:00:00,2024-01-15 13:15:00,121.0,400,Terminal 1,G46,Cancelled
732134,2024-01-15 04:00:00,Delta,AM345,LAX,LHR,2024-01-15 10:00:00,2024-01-15 10:10:00,-4.0,2024-01-15 14:00:00,2024-01-15 14:15:00,,213,Terminal 4,G5,Delayed
420822,2024-01-15 05:00:00,United Airlines,UN161,ORD,LHR,2024-01-15 11:00:00,2024-01-15 11:10:00,105.0,2024-01-15 15:00:00,2024-01-15 15:15:00,147.0,114,Terminal 3,G1,Delayed
564296,2024-01-15 06:00:00,American Airlines,AM606,ORD,HND,2024-01-15 12:00:00,2024-01-15 12:10:00,60.0,2024-01-15 16:00:00,2024-01-15 16:15:00,60.0,114,Terminal 4,G28,Delayed
511404,2024-01-15 07:00:00,Emirates,DE429,LAX,LHR,2024-01-15 13:00:00,2024-01-15 13:10:00,12.0,2024-01-15 17:00:00,2024-01-15 17:15:00,77.0,260,Terminal 3,G14,Delayed
890368,2024-01-15 08:00:00,Delta,EM628,LAX,SYD,2024-01-15 14:00:00,2024-01-15 14:10:00,7.0,2024-01-15 18:00:00,2024-01-15 18:15:00,62.0,117,Terminal 5,G27,On Time
326569,2024-01-15 09:00:00,American Airlines,LU110,ORD,CDG,2024-01-15 15:00:00,2024-01-15 15:10:00,85.0,2024-01-15 19:00:00,2024-01-15 19:15:00,99.0,206,Terminal 3,G8,Cancelled
209773,2024-01-15 10:00:00,Lufthansa,AM511,LAX,LHR,2024-01-15 16:00:00,2024-01-15 16:10:00,,2024-01-15 20:00:00,2024-01-15 20:15:00,113.0,355,Terminal 5,G42,Cancelled
654306,2024-01-15 11:00:00,American Airlines,EM233,LAX,HND,2024-01-15 17:00:00,2024-01-15 17:10:00,78.0,2024-01-15 21:00:00,2024-01-15 21:15:00,25.0,94,Terminal 1,G5,On Time
850074,2024-01-15 12:00:00,Emirates,AM512,LAX,CDG,2024-01-15 18:00:00,2024-01-15 18:10:00,23.0,2024-01-15 22:00:00,2024-01-15 22:15:00,157.0,220,Terminal 5,G9,Delayed
328397,2024-01-15 13:00:00,Emirates,AM841,JFK,LHR,2024-01-15 19:00:00,2024-01-15 19:10:00,95.0,2024-01-15 23:00:00,2024-01-15 23:15:00,83.0,115,Terminal 4,G34,On Time
785689,2024-01-15 14:00:00,Emirates,EM447,ATL,SYD,2024-01-15 20:00:00,2024-01-15 20:10:00,,2024-01-16 00:00:00,2024-01-16 00:15:00,,315,Terminal 5,G32,Delayed
367310,2024-01-15 15:00:00,American Airlines,UN650,ATL,DXB,2024-01-15 21:00:00,2024-01-15 21:10:00,81.0,2024-01-16 01:00:00,2024-01-16 01:15:00,,364,Terminal 3,G19,On Time
288451,2024-01-15 16:00:00,Emirates,EM828,LAX,DXB,2024-01-15 22:00:00,2024-01-15 22:10:00,27.0,2024-01-16 02:00:00,2024-01-16 02:15:00,143.0,165,Terminal 5,G3,Cancelled
844992,2024-01-15 17:00:00,Lufthansa,LU858,LAX,CDG,2024-01-15 23:00:00,2024-01-15 23:10:00,,2024-01-16 03:00:00,2024-01-16 03:15:00,39.0,136,Terminal 5,G46,Delayed
700232,2024-01-15 18:00:00,Delta,UN971,ATL,SYD,2024-01-16 00:00:00,2024-01-16 00:10:00,111.0,2024-01-16 04:00:00,2024-01-16 04:15:00,113.0,311,Terminal 4,G33,On Time
116816,2024-01-15 19:00:00,Delta,AM556,JFK,LHR,2024-01-16 01:00:00,2024-01-16 01:10:00,,2024-01-16 05:00:00,2024-01-16 05:15:00,32.0,104,Terminal 3,G42,Delayed
113661,2024-01-15 20:00:00,Emirates,DE931,JFK,CDG,2024-01-16 02:00:00,2024-01-16 02:10:00,80.0,2024-01-16 06:00:00,2024-01-16 06:15:00,39.0,256,Terminal 5,G8,Cancelled
266144,2024-01-15 21:00:00,Emirates,EM572,ORD,LHR,2024-01-16 03:00:00,2024-01-16 03:10:00,16.0,2024-01-16 07:00:00,2024-01-16 07:15:00,91.0,273,Terminal 2,G5,Delayed
399379,2024-01-15 22:00:00,United Airlines,UN608,DFW,CDG,2024-01-16 04:00:00,2024-01-16 04:10:00,98.0,2024-01-16 08:00:00,2024-01-16 08:15:00,77.0,222,Terminal 2,G30,On Time
722475,2024-01-15 23:00:00,American Airlines,EM985,DFW,LHR,2024-01-16 05:00:00,2024-01-16 05:10:00,58.0,2024-01-16 09:00:00,2024-01-16 09:15:00,131.0,91,Terminal 1,G13,On Time
274000,2024-01-16 00:00:00,American Airlines,DE631,LAX,LHR,2024-01-16 06:00:00,2024-01-16 06:10:00,26.0,2024-01-16 10:00:00,2024-01-16 10:15:00,27.0,299,Terminal 2,G2,Delayed
773480,2024-01-16 01:00:00,Delta,DE465,LAX,SYD,2024-01-16 07:00:00,2024-01-16 07:10:00,61.0,2024-01-16 11:00:00,2024-01-16 11:15:00,73.0,300,Terminal 5,G44,On Time
610868,2024-01-16 02:00:00,United Airlines,LU742,DFW,LHR,2024-01-16 08:00:00,2024-01-16 08:10:00,,2024-01-16 12:00:00,2024-01-16 12:15:00,69.0,152,Terminal 2,G25,Cancelled
663315,2024-01-16 03:00:00,Delta,DE169,ORD,HND,2024-01-16 09:00:00,2024-01-16 09:10:00,15.0,2024-01-16 13:00:00,2024-01-16 13:15:00,171.0,89,Terminal 2,G37,Delayed
934846,2024-01-16 04:00:00,United Airlines,LU641,ATL,DXB,2024-01-16 10:00:00,2024-01-16 10:10:00,1.0,2024-01-16 14:00:00,2024-01-16 14:15:00,155.0,155,Terminal 4,G39,On Time
458500,2024-01-16 05:00:00,Emirates,EM747,ATL,HND,2024-01-16 11:00:00,2024-01-16 11:10:00,,2024-01-16 15:00:00,2024-01-16 15:15:00,10.0,92,Terminal 5,G15,Cancelled
264699,2024-01-16 06:00:00,Delta,EM385,JFK,DXB,2024-01-16 12:00:00,2024-01-16 12:10:00,104.0,2024-01-16 16:00:00,2024-01-16 16:15:00,,364,Terminal 4,G34,Cancelled
988090,2024-01-16 07:00:00,Lufthansa,DE161,JFK,DXB,2024-01-16 13:00:00,2024-01-16 13:10:00,,2024-01-16 17:00:00,2024-01-16 17:15:00,179.0,285,Terminal 5,G10,Delayed
312507,2024-01-16 08:00:00,Delta,AM850,ORD,LHR,2024-01-16 14:00:00,2024-01-16 14:10:00,83.0,2024-01-16 18:00:00,2024-01-16 18:15:00,,198,Terminal 4,G5,Delayed
409752,2024-01-16 09:00:00,United Airlines,LU945,ATL,HND,2024-01-16 15:00:00,2024-01-16 15:10:00,48.0,2024-01-16 19:00:00,2024-01-16 19:15:00,71.0,341,Terminal 1,G18,Cancelled
518900,2024-01-16 10:00:00,Delta,EM892,JFK,DXB,2024-01-16 16:00:00,2024-01-16 16:10:00,31.0,2024-01-16 20:00:00,2024-01-16 20:15:00,101.0,175,Terminal 2,G21,On Time
859635,2024-01-16 11:00:00,Lufthansa,UN716,ORD,CDG,2024-01-16 17:00:00,2024-01-16 17:10:00,5.0,2024-01-16 21:00:00,2024-01-16 21:15:00,139.0,109,Terminal 4,G9,Delayed
790469,2024-01-16 12:00:00,Delta,EM274,JFK,LHR,2024-01-16 18:00:00,2024-01-16 18:10:00,,2024-01-16 22:00:00,2024-01-16 22:15:00,46.0,172,Terminal 3,G35,Delayed
182231,2024-01-16 13:00:00,Lufthansa,EM414,DFW,DXB,2024-01-16 19:00:00,2024-01-16 19:10:00,-4.0,2024-01-16 23:00:00,2024-01-16 23:15:00,136.0,216,Terminal 3,G29,Delayed
432760,2024-01-16 14:00:00,Lufthansa,AM552,ORD,HND,2024-01-16 20:00:00,2024-01-16 20:10:00,48.0,2024-01-17 00:00:00,2024-01-17 00:15:00,,120,Terminal 4,G34,On Time
172762,2024-01-16 15:00:00,Lufthansa,UN945,LAX,LHR,2024-01-16 21:00:00,2024-01-16 21:10:00,,2024-01-17 01:00:00,2024-01-17 01:15:00,29.0,300,Terminal 5,G38,On Time
927843,2024-01-16 16:00:00,Lufthansa,AM515,ATL,LHR,2024-01-16 22:00:00,2024-01-16 22:10:00,115.0,2024-01-17 02:00:00,2024-01-17 02:15:00,73.0,396,Terminal 3,G39,Delayed
267404,2024-01-16 17:00:00,United Airlines,LU538,DFW,DXB,2024-01-16 23:00:00,2024-01-16 23:10:00,,2024-01-17 03:00:00,2024-01-17 03:15:00,80.0,268,Terminal 3,G49,Cancelled
216771,2024-01-16 18:00:00,American Airlines,DE393,ATL,HND,2024-01-17 00:00:00,2024-01-17 00:10:00,,2024-01-17 04:00:00,2024-01-17 04:15:00,50.0,143,Terminal 3,G38,Delayed
892192,2024-01-16 19:00:00,Delta,EM651,JFK,CDG,2024-01-17 01:00:00,2024-01-17 01:10:00,,2024-01-17 05:00:00,2024-01-17 05:15:00,101.0,226,Terminal 4,G37,On Time
953808,2024-01-16 20:00:00,American Airlines,LU904,LAX,LHR,2024-01-17 02:00:00,2024-01-17 02:10:00,79.0,2024-01-17 06:00:00,2024-01-17 06:15:00,36.0,225,Terminal 4,G26,On Time
547216,2024-01-16 21:00:00,Delta,LU219,LAX,LHR,2024-01-17 03:00:00,2024-01-17 03:10:00,31.0,2024-01-17 07:00:00,2024-01-17 07:15:00,129.0,365,Terminal 3,G9,On Time
615835,2024-01-16 22:00:00,Lufthansa,DE651,DFW,LHR,2024-01-17 04:00:00,2024-01-17 04:10:00,76.0,2024-01-17 08:00:00,2024-01-17 08:15:00,101.0,176,Terminal 2,G33,Delayed
522829,2024-01-16 23:00:00,Emirates,UN177,ORD,CDG,2024-01-17 05:00:00,2024-01-17 05:10:00,99.0,2024-01-17 09:00:00,2024-01-17 09:15:00,118.0,301,Terminal 1,G37,Delayed
870859,2024-01-17 00:00:00,Emirates,LU169,ORD,SYD,2024-01-17 06:00:00,2024-01-17 06:10:00,14.0,2024-01-17 10:00:00,2024-01-17 10:15:00,72.0,266,Terminal 5,G16,Cancelled
104749,2024-01-17 01:00:00,American Airlines,UN272,JFK,CDG,2024-01-17 07:00:00,2024-01-17 07:10:00,11.0,2024-01-17 11:00:00,2024-01-17 11:15:00,157.0,387,Terminal 2,G1,On Time
960467,2024-01-17 02:00:00,United Airlines,LU834,ATL,SYD,2024-01-17 08:00:00,2024-01-17 08:10:00,,2024-01-17 12:00:00,2024-01-17 12:15:00,,239,Terminal 3,G50,Delayed
648448,2024-01-17 03:00:00,American Airlines,LU760,ORD,DXB,2024-01-17 09:00:00,2024-01-17 09:10:00,108.0,2024-01-17 13:00:00,2024-01-17 13:15:00,,82,Terminal 4,G42,Delayed
738092,2024-01-17 04:00:00,American Airlines,AM402,ATL,HND,2024-01-17 10:00:00,2024-01-17 10:10:00,0.0,2024-01-17 14:00:00,2024-01-17 14:15:00,51.0,97,Terminal 3,G12,Cancelled
528760,2024-01-17 05:00:00,Lufthansa,LU574,LAX,HND,2024-01-17 11:00:00,2024-01-17 11:10:00,7.0,2024-01-17 15:00:00,2024-01-17 15:15:00,152.0,315,Terminal 2,G36,On Time
146372,2024-01-17 06:00:00,Emirates,EM702,DFW,LHR,2024-01-17 12:00:00,2024-01-17 12:10:00,,2024-01-17 16:00:00,2024-01-17 16:15:00,23.0,115,Terminal 1,G19,Delayed
192929,2024-01-17 07:00:00,American Airlines,LU548,ORD,CDG,2024-01-17 13:00:00,2024-01-17 13:10:00,113.0,2024-01-17 17:00:00,2024-01-17 17:15:00,157.0,214,Terminal 5,G4,Cancelled
120690,2024-01-17 08:00:00,Emirates,UN858,ORD,CDG,2024-01-17 14:00:00,2024-01-17 14:10:00,64.0,2024-01-17 18:00:00,2024-01-17 18:15:00,96.0,273,Terminal 1,G24,Delayed
496460,2024-01-17 09:00:00,Emirates,EM483,ATL,CDG,2024-01-17 15:00:00,2024-01-17 15:10:00,120.0,2024-01-17 19:00:00,2024-01-17 19:15:00,,267,Terminal 2,G10,On Time
547949,2024-01-17 10:00:00,Delta,AM573,ORD,DXB,2024-01-17 16:00:00,2024-01-17 16:10:00,100.0,2024-01-17 20:00:00,2024-01-17 20:15:00,88.0,370,Terminal 2,G5,Delayed
432757,2024-01-17 11:00:00,American Airlines,AM808,JFK,DXB,2024-01-17 17:00:00,2024-01-17 17:10:00,-2.0,2024-01-17 21:00:00,2024-01-17 21:15:00,118.0,222,Terminal 2,G33,Delayed
630238,2024-01-17 12:00:00,Emirates,AM757,JFK,SYD,2024-01-17 18:00:00,2024-01-17 18:10:00,99.0,2024-01-17 22:00:00,2024-01-17 22:15:00,20.0,106,Terminal 2,G23,On Time
751881,2024-01-17 13:00:00,American Airlines,DE755,DFW,HND,2024-01-17 19:00:00,2024-01-17 19:10:00,102.0,2024-01-17 23:00:00,2024-01-17 23:15:00,17.0,246,Terminal 3,G4,On Time
567433,2024-01-17 14:00:00,American Airlines,UN949,JFK,DXB,2024-01-17 20:00:00,2024-01-17 20:10:00,31.0,2024-01-18 00:00:00,2024-01-18 00:15:00,,159,Terminal 4,G21,Delayed
626424,2024-01-17 15:00:00,American Airlines,UN207,LAX,HND,2024-01-17 21:00:00,2024-01-17 21:10:00,69.0,2024-01-18 01:00:00,2024-01-18 01:15:00,,355,Terminal 3,G25,Delayed
810592,2024-01-17 16:00:00,Delta,EM525,LAX,LHR,2024-01-17 22:00:00,2024-01-17 22:10:00,27.0,2024-01-18 02:00:00,2024-01-18 02:15:00,130.0,106,Terminal 1,G4,Cancelled
267840,2024-01-17 17:00:00,Delta,LU434,JFK,CDG,2024-01-17 23:00:00,2024-01-17 23:10:00,80.0,2024-01-18 03:00:00,2024-01-18 03:15:00,,283,Terminal 3,G36,Delayed
839960,2024-01-17 18:00:00,Delta,EM223,ORD,HND,2024-01-18 00:00:00,2024-01-18 00:10:00,69.0,2024-01-18 04:00:00,2024-01-18 04:15:00,34.0,136,Terminal 1,G13,On Time
425513,2024-01-17 19:00:00,American Airlines,AM910,LAX,SYD,2024-01-18 01:00:00,2024-01-18 01:10:00,71.0,2024-01-18 05:00:00,2024-01-18 05:15:00,85.0,290,Terminal 2,G48,Cancelled
235722,2024-01-17 20:00:00,Emirates,EM383,LAX,CDG,2024-01-18 02:00:00,2024-01-18 02:10:00,40.0,2024-01-18 06:00:00,2024-01-18 06:15:00,64.0,98,Terminal 2,G7,Cancelled
870753,2024-01-17 21:00:00,Emirates,EM451,DFW,SYD,2024-01-18 03:00:00,2024-01-18 03:10:00,102.0,2024-01-18 07:00:00,2024-01-18 07:15:00,,218,Terminal 4,G37,On Time
487469,2024-01-17 22:00:00,Lufthansa,LU711,JFK,CDG,2024-01-18 04:00:00,2024-01-18 04:10:00,,2024-01-18 08:00:00,2024-01-18 08:15:00,,178,Terminal 4,G7,On Time
988701,2024-01-17 23:00:00,Lufthansa,LU752,DFW,CDG,2024-01-18 05:00:00,2024-01-18 05:10:00,2.0,2024-01-18 09:00:00,2024-01-18 09:15:00,113.0,323,Terminal 3,G10,Delayed
542021,2024-01-18 00:00:00,Emirates,DE841,JFK,SYD,2024-01-18 06:00:00,2024-01-18 06:10:00,27.0,2024-01-18 10:00:00,2024-01-18 10:15:00,98.0,149,Terminal 2,G42,On Time
478046,2024-01-18 01:00:00,United Airlines,LU715,DFW,HND,2024-01-18 07:00:00,2024-01-18 07:10:00,34.0,2024-01-18 11:00:00,2024-01-18 11:15:00,142.0,261,Terminal 3,G27,Cancelled
679196,2024-01-18 02:00:00,Delta,DE587,ATL,CDG,2024-01-18 08:00:00,2024-01-18 08:10:00,81.0,2024-01-18 12:00:00,2024-01-18 12:15:00,91.0,138,Terminal 1,G4,Delayed
237149,2024-01-18 03:00:00,Emirates,LU757,ORD,CDG,2024-01-18 09:00:00,2024-01-18 09:10:00,,2024-01-18 13:00:00,2024-01-18 13:15:00,148.0,323,Terminal 5,G17,Cancelled
892158,2024-01-18 04:00:00,United Airlines,DE952,ATL,DXB,2024-01-18 10:00:00,2024-01-18 10:10:00,47.0,2024-01-18 14:00:00,2024-01-18 14:15:00,158.0,97,Terminal 3,G45,On Time
704645,2024-01-18 05:00:00,United Airlines,EM746,ATL,SYD,2024-01-18 11:00:00,2024-01-18 11:10:00,27.0,2024-01-18 15:00:00,2024-01-18 15:15:00,89.0,149,Terminal 3,G47,On Time
329148,2024-01-18 06:00:00,United Airlines,EM445,JFK,DXB,2024-01-18 12:00:00,2024-01-18 12:10:00,115.0,2024-01-18 16:00:00,2024-01-18 16:15:00,150.0,197,Terminal 3,G35,Cancelled
683838,2024-01-18 07:00:00,Emirates,AM127,ORD,DXB,2024-01-18 13:00:00,2024-01-18 13:10:00,44.0,2024-01-18 17:00:00,2024-01-18 17:15:00,30.0,112,Terminal 4,G23,On Time
957720,2024-01-18 08:00:00,United Airlines,DE172,LAX,DXB,2024-01-18 14:00:00,2024-01-18 14:10:00,106.0,2024-01-18 18:00:00,2024-01-18 18:15:00,,169,Terminal 2,G48,Delayed
445657,2024-01-18 09:00:00,Lufthansa,LU300,ORD,DXB,2024-01-18 15:00:00,2024-01-18 15:10:00,28.0,2024-01-18 19:00:00,2024-01-18 19:15:00,11.0,220,Terminal 1,G34,On Time
362713,2024-01-18 10:00:00,Lufthansa,DE894,DFW,HND,2024-01-18 16:00:00,2024-01-18 16:10:00,83.0,2024-01-18 20:00:00,2024-01-18 20:15:00,,62,Terminal 3,G37,Cancelled
836568,2024-01-18 11:00:00,Delta,EM206,DFW,HND,2024-01-18 17:00:00,2024-01-18 17:10:00,57.0,2024-01-18 21:00:00,2024-01-18 21:15:00,137.0,146,Terminal 5,G27,Delayed
769639,2024-01-18 12:00:00,American Airlines,AM582,ATL,CDG,2024-01-18 18:00:00,2024-01-18 18:10:00,3.0,2024-01-18 22:00:00,2024-01-18 22:15:00,10.0,153,Terminal 2,G21,Delayed
143521,2024-01-18 13:00:00,Delta,AM459,JFK,SYD,2024-01-18 19:00:00,2024-01-18 19:10:00,89.0,2024-01-18 23:00:00,2024-01-18 23:15:00,,195,Terminal 4,G17,Cancelled
758457,2024-01-18 14:00:00,Lufthansa,UN279,ORD,CDG,2024-01-18 20:00:00,2024-01-18 20:10:00,35.0,2024-01-19 00:00:00,2024-01-19 00:15:00,62.0,255,Terminal 4,G40,On Time
791042,2024-01-18 15:00:00,Delta,DE753,ORD,LHR,2024-01-18 21:00:00,2024-01-18 21:10:00,,2024-01-19 01:00:00,2024-01-19 01:15:00,-2.0,56,Terminal 2,G36,Cancelled
415142,2024-01-18 16:00:00,Emirates,AM688,ORD,HND,2024-01-18 22:00:00,2024-01-18 22:10:00,91.0,2024-01-19 02:00:00,2024-01-19 02:15:00,,292,Terminal 2,G5,Delayed
856965,2024-01-18 17:00:00,Lufthansa,UN465,ATL,LHR,2024-01-18 23:00:00,2024-01-18 23:10:00,80.0,2024-01-19 03:00:00,2024-01-19 03:15:00,52.0,209,Terminal 3,G36,Delayed
408889,2024-01-18 18:00:00,United Airlines,LU558,ATL,DXB,2024-01-19 00:00:00,2024-01-19 00:10:00,33.0,2024-01-19 04:00:00,2024-01-19 04:15:00,,353,Terminal 4,G18,On Time
756415,2024-01-18 19:00:00,American Airlines,AM364,DFW,CDG,2024-01-19 01:00:00,2024-01-19 01:10:00,105.0,2024-01-19 05:00:00,2024-01-19 05:15:00,,262,Terminal 4,G18,Delayed
453106,2024-01-18 20:00:00,Emirates,DE475,DFW,HND,2024-01-19 02:00:00,2024-01-19 02:10:00,,2024-01-19 06:00:00,2024-01-19 06:15:00,96.0,374,Terminal 4,G1,Cancelled
118625,2024-01-18 21:00:00,United Airlines,EM450,DFW,DXB,2024-01-19 03:00:00,2024-01-19 03:10:00,24.0,2024-01-19 07:00:00,2024-01-19 07:15:00,32.0,308,Terminal 1,G39,Delayed
822907,2024-01-18 22:00:00,American Airlines,AM434,JFK,LHR,2024-01-19 04:00:00,2024-01-19 04:10:00,27.0,2024-01-19 08:00:00,2024-01-19 08:15:00,100.0,275,Terminal 2,G16,On Time
343859,2024-01-18 23:00:00,American Airlines,DE610,DFW,HND,2024-01-19 05:00:00,2024-01-19 05:10:00,5.0,2024-01-19 09:00:00,2024-01-19 09:15:00,136.0,216,Terminal 5,G35,Delayed
702156,2024-01-19 00:00:00,Delta,LU395,ORD,DXB,2024-01-19 06:00:00,2024-01-19 06:10:00,66.0,2024-01-19 10:00:00,2024-01-19 10:15:00,,278,Terminal 2,G28,Cancelled
677277,2024-01-19 01:00:00,Delta,UN463,ORD,CDG,2024-01-19 07:00:00,2024-01-19 07:10:00,4.0,2024-01-19 11:00:00,2024-01-19 11:15:00,39.0,204,Terminal 5,G23,Cancelled
518803,2024-01-19 02:00:00,Emirates,LU428,DFW,LHR,2024-01-19 08:00:00,2024-01-19 08:10:00,71.0,2024-01-19 12:00:00,2024-01-19 12:15:00,45.0,380,Terminal 1,G20,Cancelled
303044,2024-01-19 03:00:00,American Airlines,AM765,ORD,DXB,2024-01-19 09:00:00,2024-01-19 09:10:00,,2024-01-19 13:00:00,2024-01-19 13:15:00,95.0,201,Terminal 4,G30,Delayed
652605,2024-01-19 04:00:00,Emirates,LU415,ORD,LHR,2024-01-19 10:00:00,2024-01-19 10:10:00,84.0,2024-01-19 14:00:00,2024-01-19 14:15:00,101.0,269,Terminal 1,G5,Delayed
308129,2024-01-19 05:00:00,Emirates,AM877,JFK,LHR,2024-01-19 11:00:00,2024-01-19 11:10:00,116.0,2024-01-19 15:00:00,2024-01-19 15:15:00,172.0,211,Terminal 1,G40,Cancelled
882765,2024-01-19 06:00:00,Emirates,EM321,LAX,SYD,2024-01-19 12:00:00,2024-01-19 12:10:00,28.0,2024-01-19 16:00:00,2024-01-19 16:15:00,17.0,205,Terminal 1,G50,On Time
366087,2024-01-19 07:00:00,Lufthansa,LU415,LAX,LHR,2024-01-19 13:00:00,2024-01-19 13:10:00,73.0,2024-01-19 17:00:00,2024-01-19 17:15:00,15.0,179,Terminal 2,G12,Cancelled
495324,2024-01-19 08:00:00,American Airlines,AM617,LAX,SYD,2024-01-19 14:00:00,2024-01-19 14:10:00,57.0,2024-01-19 18:00:00,2024-01-19 18:15:00,112.0,325,Terminal 3,G32,Delayed
509000,2024-01-19 09:00:00,Lufthansa,AM900,ORD,CDG,2024-01-19 15:00:00,2024-01-19 15:10:00,11.0,2024-01-19 19:00:00,2024-01-19 19:15:00,147.0,122,Terminal 3,G42,On Time
731948,2024-01-19 10:00:00,Lufthansa,AM124,ATL,CDG,2024-01-19 16:00:00,2024-01-19 16:10:00,51.0,2024-01-19 20:00:00,2024-01-19 20:15:00,116.0,108,Terminal 5,G4,Delayed
892189,2024-01-19 11:00:00,United Airlines,AM230,ATL,HND,2024-01-19 17:00:00,2024-01-19 17:10:00,41.0,2024-01-19 21:00:00,2024-01-19 21:15:00,65.0,313,Terminal 5,G44,Cancelled
123764,2024-01-19 12:00:00,United Airlines,DE381,DFW,LHR,2024-01-19 18:00:00,2024-01-19 18:10:00,14.0,2024-01-19 22:00:00,2024-01-19 22:15:00,,300,Terminal 4,G24,On Time
648588,2024-01-19 13:00:00,United Airlines,DE103,DFW,DXB,2024-01-19 19:00:00,2024-01-19 19:10:00,,2024-01-19 23:00:00,2024-01-19 23:15:00,42.0,161,Terminal 3,G17,Delayed
225623,2024-01-19 14:00:00,American Airlines,LU399,ATL,CDG,2024-01-19 20:00:00,2024-01-19 20:10:00,,2024-01-20 00:00:00,2024-01-20 00:15:00,69.0,364,Terminal 1,G33,On Time
369997,2024-01-19 15:00:00,Lufthansa,UN515,JFK,HND,2024-01-19 21:00:00,2024-01-19 21:10:00,119.0,2024-01-20 01:00:00,2024-01-20 01:15:00,,335,Terminal 4,G30,Cancelled
408505,2024-01-19 16:00:00,United Airlines,DE568,ATL,DXB,2024-01-19 22:00:00,2024-01-19 22:10:00,96.0,2024-01-20 02:00:00,2024-01-20 02:15:00,91.0,387,Terminal 5,G20,Delayed
736652,2024-01-19 17:00:00,Lufthansa,AM485,LAX,CDG,2024-01-19 23:00:00,2024-01-19 23:10:00,,2024-01-20 03:00:00,2024-01-20 03:15:00,60.0,140,Terminal 2,G34,Delayed
656854,2024-01-19 18:00:00,American Airlines,EM260,ORD,LHR,2024-01-20 00:00:00,2024-01-20 00:10:00,62.0,2024-01-20 04:00:00,2024-01-20 04:15:00,23.0,104,Terminal 5,G31,Cancelled
510310,2024-01-19 19:00:00,Lufthansa,DE948,JFK,SYD,2024-01-20 01:00:00,2024-01-20 01:10:00,30.0,2024-01-20 05:00:00,2024-01-20 05:15:00,45.0,115,Terminal 5,G3,On Time
145664,2024-01-19 20:00:00,Emirates,DE841,ATL,SYD,2024-01-20 02:00:00,2024-01-20 02:10:00,18.0,2024-01-20 06:00:00,2024-01-20 06:15:00,46.0,218,Terminal 4,G22,Cancelled
244122,2024-01-19 21:00:00,Emirates,EM625,LAX,DXB,2024-01-20 03:00:00,2024-01-20 03:10:00,12.0,2024-01-20 07:00:00,2024-01-20 07:15:00,124.0,216,Terminal 5,G26,On Time
734410,2024-01-19 22:00:00,Emirates,LU529,ATL,DXB,2024-01-20 04:00:00,2024-01-20 04:10:00,,2024-01-20 08:00:00,2024-01-20 08:15:00,11.0,311,Terminal 4,G25,Cancelled
845682,2024-01-19 23:00:00,United Airlines,DE737,LAX,CDG,2024-01-20 05:00:00,2024-01-20 05:10:00,104.0,2024-01-20 09:00:00,2024-01-20 09:15:00,71.0,328,Terminal 5,G10,Delayed
524072,2024-01-20 00:00:00,United Airlines,LU562,ATL,DXB,2024-01-20 06:00:00,2024-01-20 06:10:00,13.0,2024-01-20 10:00:00,2024-01-20 10:15:00,29.0,300,Terminal 2,G15,On Time
932208,2024-01-20 01:00:00,Delta,AM549,DFW,LHR,2024-01-20 07:00:00,2024-01-20 07:10:00,,2024-01-20 11:00:00,2024-01-20 11:15:00,180.0,291,Terminal 2,G2,Cancelled
446807,2024-01-20 02:00:00,Delta,AM482,JFK,SYD,2024-01-20 08:00:00,2024-01-20 08:10:00,3.0,2024-01-20 12:00:00,2024-01-20 12:15:00,75.0,193,Terminal 5,G47,Cancelled
336064,2024-01-20 03:00:00,Lufthansa,DE156,ORD,LHR,2024-01-20 09:00:00,2024-01-20 09:10:00,39.0,2024-01-20 13:00:00,2024-01-20 13:15:00,8.0,70,Terminal 2,G4,On Time
292212,2024-01-20 04:00:00,American Airlines,UN344,LAX,HND,2024-01-20 10:00:00,2024-01-20 10:10:00,56.0,2024-01-20 14:00:00,2024-01-20 14:15:00,67.0,229,Terminal 2,G24,Delayed
820719,2024-01-20 05:00:00,American Airlines,AM220,ORD,DXB,2024-01-20 11:00:00,2024-01-20 11:10:00,,2024-01-20 15:00:00,2024-01-20 15:15:00,61.0,79,Terminal 5,G26,Cancelled
682896,2024-01-20 06:00:00,Lufthansa,UN450,LAX,LHR,2024-01-20 12:00:00,2024-01-20 12:10:00,104.0,2024-01-20 16:00:00,2024-01-20 16:15:00,144.0,161,Terminal 2,G1,Delayed
844148,2024-01-20 07:00:00,Lufthansa,LU837,JFK,HND,2024-01-20 13:00:00,2024-01-20 13:10:00,15.0,2024-01-20 17:00:00,2024-01-20 17:15:00,81.0,83,Terminal 2,G38,Cancelled
333762,2024-01-20 08:00:00,American Airlines,UN299,ORD,DXB,2024-01-20 14:00:00,2024-01-20 14:10:00,112.0,2024-01-20 18:00:00,2024-01-20 18:15:00,,224,Terminal 5,G42,On Time
180455,2024-01-20 09:00:00,United Airlines,AM160,ORD,LHR,2024-01-20 15:00:00,2024-01-20 15:10:00,66.0,2024-01-20 19:00:00,2024-01-20 19:15:00,145.0,83,Terminal 4,G20,Delayed
461290,2024-01-20 10:00:00,American Airlines,EM850,ORD,SYD,2024-01-20 16:00:00,2024-01-20 16:10:00,66.0,2024-01-20 20:00:00,2024-01-20 20:15:00,36.0,156,Terminal 4,G18,Cancelled
794992,2024-01-20 11:00:00,Delta,DE532,ATL,LHR,2024-01-20 17:00:00,2024-01-20 17:10:00,115.0,2024-01-20 21:00:00,2024-01-20 21:15:00,80.0,208,Terminal 5,G41,On Time
311186,2024-01-20 12:00:00,Lufthansa,EM142,ATL,SYD,2024-01-20 18:00:00,2024-01-20 18:10:00,23.0,2024-01-20 22:00:00,2024-01-20 22:15:00,112.0,390,Terminal 5,G26,On Time
123235,2024-01-20 13:00:00,Delta,LU681,LAX,DXB,2024-01-20 19:00:00,2024-01-20 19:10:00,15.0,2024-01-20 23:00:00,2024-01-20 23:15:00,137.0,244,Terminal 2,G7,Cancelled
602657,2024-01-20 14:00:00,Emirates,LU743,LAX,HND,2024-01-20 20:00:00,2024-01-20 20:10:00,,2024-01-21 00:00:00,2024-01-21 00:15:00,134.0,241,Terminal 5,G24,On Time
117463,2024-01-20 15:00:00,American Airlines,DE789,LAX,DXB,2024-01-20 21:00:00,2024-01-20 21:10:00,,2024-01-21 01:00:00,2024-01-21 01:15:00,,77,Terminal 4,G1,Cancelled
588946,2024-01-20 16:00:00,United Airlines,EM653,JFK,DXB,2024-01-20 22:00:00,2024-01-20 22:10:00,62.0,2024-01-21 02:00:00,2024-01-21 02:15:00,68.0,329,Terminal 5,G7,Cancelled
730114,2024-01-20 17:00:00,Emirates,UN359,LAX,LHR,2024-01-20 23:00:00,2024-01-20 23:10:00,,2024-01-21 03:00:00,2024-01-21 03:15:00,172.0,389,Terminal 5,G9,On Time
936666,2024-01-20 18:00:00,American Airlines,EM785,ATL,HND,2024-01-21 00:00:00,2024-01-21 00:10:00,41.0,2024-01-21 04:00:00,2024-01-21 04:15:00,161.0,262,Terminal 5,G50,Delayed
209476,2024-01-20 19:00:00,United Airlines,EM229,LAX,SYD,2024-01-21 01:00:00,2024-01-21 01:10:00,113.0,2024-01-21 05:00:00,2024-01-21 05:15:00,33.0,215,Terminal 2,G44,On Time
747987,2024-01-20 20:00:00,United Airlines,AM506,JFK,SYD,2024-01-21 02:00:00,2024-01-21 02:10:00,95.0,2024-01-21 06:00:00,2024-01-21 06:15:00,,264,Terminal 3,G50,Delayed
144509,2024-01-20 21:00:00,American Airlines,EM694,DFW,HND,2024-01-21 03:00:00,2024-01-21 03:10:00,119.0,2024-01-21 07:00:00,2024-01-21 07:15:00,,367,Terminal 5,G47,Cancelled
934591,2024-01-20 22:00:00,Delta,EM173,ORD,LHR,2024-01-21 04:00:00,2024-01-21 04:10:00,23.0,2024-01-21 08:00:00,2024-01-21 08:15:00,146.0,338,Terminal 1,G15,Delayed
405646,2024-01-20 23:00:00,Delta,DE860,LAX,LHR,2024-01-21 05:00:00,2024-01-21 05:10:00,,2024-01-21 09:00:00,2024-01-21 09:15:00,25.0,269,Terminal 4,G22,Delayed
839733,2024-01-21 00:00:00,United Airlines,DE919,DFW,LHR,2024-01-21 06:00:00,2024-01-21 06:10:00,,2024-01-21 10:00:00,2024-01-21 10:15:00,,162,Terminal 2,G4,Delayed
652450,2024-01-21 01:00:00,American Airlines,DE913,JFK,HND,2024-01-21 07:00:00,2024-01-21 07:10:00,97.0,2024-01-21 11:00:00,2024-01-21 11:15:00,116.0,329,Terminal 5,G27,Delayed
829833,2024-01-21 02:00:00,Emirates,AM133,DFW,LHR,2024-01-21 08:00:00,2024-01-21 08:10:00,93.0,2024-01-21 12:00:00,2024-01-21 12:15:00,77.0,301,Terminal 4,G26,On Time
620293,2024-01-21 03:00:00,Lufthansa,UN683,JFK,DXB,2024-01-21 09:00:00,2024-01-21 09:10:00,7.0,2024-01-21 13:00:00,2024-01-21 13:15:00,90.0,186,Terminal 5,G41,On Time
641469,2024-01-21 04:00:00,Emirates,LU603,LAX,DXB,2024-01-21 10:00:00,2024-01-21 10:10:00,66.0,2024-01-21 14:00:00,2024-01-21 14:15:00,161.0,200,Terminal 1,G24,On Time
545466,2024-01-21 05:00:00,American Airlines,LU864,ATL,HND,2024-01-21 11:00:00,2024-01-21 11:10:00,92.0,2024-01-21 15:00:00,2024-01-21 15:15:00,,295,Terminal 4,G25,Cancelled
123985,2024-01-21 06:00:00,Emirates,DE404,ORD,HND,2024-01-21 12:00:00,2024-01-21 12:10:00,85.0,2024-01-21 16:00:00,2024-01-21 16:15:00,175.0,301,Terminal 3,G28,On Time
179380,2024-01-21 07:00:00,Delta,DE908,LAX,DXB,2024-01-21 13:00:00,2024-01-21 13:10:00,61.0,2024-01-21 17:00:00,2024-01-21 17:15:00,92.0,90,Terminal 2,G4,Delayed
476348,2024-01-21 08:00:00,Lufthansa,LU247,JFK,SYD,2024-01-21 14:00:00,2024-01-21 14:10:00,80.0,2024-01-21 18:00:00,2024-01-21 18:15:00,27.0,166,Terminal 2,G24,Cancelled
165132,2024-01-21 09:00:00,United Airlines,AM290,ORD,HND,2024-01-21 15:00:00,2024-01-21 15:10:00,,2024-01-21 19:00:00,2024-01-21 19:15:00,105.0,207,Terminal 2,G2,On Time
640661,2024-01-21 10:00:00,Lufthansa,DE956,ATL,SYD,2024-01-21 16:00:00,2024-01-21 16:10:00,,2024-01-21 20:00:00,2024-01-21 20:15:00,50.0,94,Terminal 3,G23,Delayed
845314,2024-01-21 11:00:00,United Airlines,EM222,JFK,LHR,2024-01-21 17:00:00,2024-01-21 17:10:00,,2024-01-21 21:00:00,2024-01-21 21:15:00,81.0,134,Terminal 1,G40,Delayed
902315,2024-01-21 12:00:00,American Airlines,LU422,JFK,DXB,2024-01-21 18:00:00,2024-01-21 18:10:00,74.0,2024-01-21 22:00:00,2024-01-21 22:15:00,-3.0,223,Terminal 4,G2,Cancelled
768232,2024-01-21 13:00:00,Delta,DE716,LAX,CDG,2024-01-21 19:00:00,2024-01-21 19:10:00,66.0,2024-01-21 23:00:00,2024-01-21 23:15:00,,172,Terminal 5,G33,Cancelled
940658,2024-01-21 14:00:00,United Airlines,LU584,DFW,SYD,2024-01-21 20:00:00,2024-01-21 20:10:00,,2024-01-22 00:00:00,2024-01-22 00:15:00,27.0,378,Terminal 5,G24,On Time
336865,2024-01-21 15:00:00,United Airlines,UN911,ATL,HND,2024-01-21 21:00:00,2024-01-21 21:10:00,85.0,2024-01-22 01:00:00,2024-01-22 01:15:00,84.0,315,Terminal 2,G42,Cancelled
350345,2024-01-21 16:00:00,American Airlines,AM690,DFW,CDG,2024-01-21 22:00:00,2024-01-21 22:10:00,31.0,2024-01-22 02:00:00,2024-01-22 02:15:00,147.0,377,Terminal 4,G24,Cancelled
390614,2024-01-21 17:00:00,United Airlines,LU128,LAX,DXB,2024-01-21 23:00:00,2024-01-21 23:10:00,,2024-01-22 03:00:00,2024-01-22 03:15:00,163.0,177,Terminal 5,G45,Cancelled
948687,2024-01-21 18:00:00,Lufthansa,EM635,DFW,CDG,2024-01-22 00:00:00,2024-01-22 00:10:00,47.0,2024-01-22 04:00:00,2024-01-22 04:15:00,,184,Terminal 4,G30,On Time
434211,2024-01-21 19:00:00,American Airlines,LU462,ATL,SYD,2024-01-22 01:00:00,2024-01-22 01:10:00,20.0,2024-01-22 05:00:00,2024-01-22 05:15:00,97.0,94,Terminal 2,G28,Cancelled
773480,2024-01-16 01:00:00,Delta,DE465,LAX,SYD,2024-01-16 07:00:00,2024-01-16 07:10:00,61.0,2024-01-16 11:00:00,2024-01-16 11:15:00,73.0,300,Terminal 5,G44,On Time
662665,2024-01-04 01:00:00,United Airlines,AM283,ATL,HND,2024-01-04 07:00:00,2024-01-04 07:10:00,,2024-01-04 11:00:00,2024-01-04 11:15:00,94.0,267,Terminal 5,G24,Delayed
432760,2024-01-16 14:00:00,Lufthansa,AM552,ORD,HND,2024-01-16 20:00:00,2024-01-16 20:10:00,48.0,2024-01-17 00:00:00,2024-01-17 00:15:00,,120,Terminal 4,G34,On Time
793520,2024-01-07 11:00:00,Emirates,EM269,ATL,LHR,2024-01-07 17:00:00,2024-01-07 17:10:00,48.0,2024-01-07 21:00:00,2024-01-07 21:15:00,139.0,177,Terminal 1,G38,Delayed
392633,2024-01-05 08:00:00,Delta,EM792,ORD,SYD,2024-01-05 14:00:00,2024-01-05 14:10:00,42.0,2024-01-05 18:00:00,2024-01-05 18:15:00,67.0,386,Terminal 5,G39,Cancelled
547949,2024-01-17 10:00:00,Delta,AM573,ORD,DXB,2024-01-17 16:00:00,2024-01-17 16:10:00,100.0,2024-01-17 20:00:00,2024-01-17 20:15:00,88.0,370,Terminal 2,G5,Delayed
267404,2024-01-16 17:00:00,United Airlines,LU538,DFW,DXB,2024-01-16 23:00:00,2024-01-16 23:10:00,,2024-01-17 03:00:00,2024-01-17 03:15:00,80.0,268,Terminal 3,G49,Cancelled
850977,2024-01-06 04:00:00,Emirates,DE257,ORD,CDG,2024-01-06 10:00:00,2024-01-06 10:10:00,58.0,2024-01-06 14:00:00,2024-01-06 14:15:00,53.0,218,Terminal 3,G26,Delayed
629272,2024-01-03 20:00:00,Emirates,UN523,JFK,LHR,2024-01-04 02:00:00,2024-01-04 02:10:00,75.0,2024-01-04 06:00:00,2024-01-04 06:15:00,55.0,271,Terminal 5,G37,On Time
656854,2024-01-19 18:00:00,American Airlines,EM260,ORD,LHR,2024-01-20 00:00:00,2024-01-20 00:10:00,62.0,2024-01-20 04:00:00,2024-01-20 04:15:00,23.0,104,Terminal 5,G31,Cancelled
971868,2024-01-01 09:00:00,Delta,EM102,JFK,CDG,2024-01-01 15:00:00,2024-01-01 15:10:00,34.0,2024-01-01 19:00:00,2024-01-01 19:15:00,,209,Terminal 4,G25,Cancelled
952221,2024-01-09 02:00:00,Lufthansa,UN945,ORD,DXB,2024-01-09 08:00:00,2024-01-09 08:10:00,86.0,2024-01-09 12:00:00,2024-01-09 12:15:00,,199,Terminal 5,G40,Delayed
487469,2024-01-17 22:00:00,Lufthansa,LU711,JFK,CDG,2024-01-18 04:00:00,2024-01-18 04:10:00,,2024-01-18 08:00:00,2024-01-18 08:15:00,,178,Terminal 4,G7,On Time
198224,2024-01-04 12:00:00,American Airlines,EM199,ORD,DXB,2024-01-04 18:00:00,2024-01-04 18:10:00,9.0,2024-01-04 22:00:00,2024-01-04 22:15:00,47.0,356,Terminal 1,G25,On Time
859635,2024-01-16 11:00:00,Lufthansa,UN716,ORD,CDG,2024-01-16 17:00:00,2024-01-16 17:10:00,5.0,2024-01-16 21:00:00,2024-01-16 21:15:00,139.0,109,Terminal 4,G9,Delayed
